country,region,rank,score,gdp,support,health,freedom,generosity,corruption,year
Switzerland,Western Europe,1,7.587000,1.396510,1.349510,0.941430,0.665570,0.296780,0.419780,2015
Iceland,Western Europe,2,7.561000,1.302320,1.402230,0.947840,0.628770,0.436300,0.141450,2015
Denmark,Western Europe,3,7.527000,1.325480,1.360580,0.874640,0.649380,0.341390,0.483570,2015
Norway,Western Europe,4,7.522000,1.459000,1.330950,0.885210,0.669730,0.346990,0.365030,2015
Canada,North America,5,7.427000,1.326290,1.322610,0.905630,0.632970,0.458110,0.329570,2015
Finland,Western Europe,6,7.406000,1.290250,1.318260,0.889110,0.641690,0.233510,0.413720,2015
Netherlands,Western Europe,7,7.378000,1.329440,1.280170,0.892840,0.615760,0.476100,0.318140,2015
Sweden,Western Europe,8,7.364000,1.331710,1.289070,0.910870,0.659800,0.362620,0.438440,2015
New Zealand,Australia and New Zealand,9,7.286000,1.250180,1.319670,0.908370,0.639380,0.475010,0.429220,2015
Australia,Australia and New Zealand,10,7.284000,1.333580,1.309230,0.931560,0.651240,0.435620,0.356370,2015
Israel,Middle East and Northern Africa,11,7.278000,1.228570,1.223930,0.913870,0.413190,0.331720,0.077850,2015
Costa Rica,Latin America and Caribbean,12,7.226000,0.955780,1.237880,0.860270,0.633760,0.254970,0.105830,2015
Austria,Western Europe,13,7.200000,1.337230,1.297040,0.890420,0.624330,0.330880,0.186760,2015
Mexico,Latin America and Caribbean,14,7.187000,1.020540,0.914510,0.814440,0.481810,0.140740,0.213120,2015
United States,North America,15,7.119000,1.394510,1.247110,0.861790,0.546040,0.401050,0.158900,2015
Brazil,Latin America and Caribbean,16,6.983000,0.981240,1.232870,0.697020,0.490490,0.145740,0.175210,2015
Luxembourg,Western Europe,17,6.946000,1.563910,1.219630,0.918940,0.615830,0.280340,0.377980,2015
Ireland,Western Europe,18,6.940000,1.335960,1.369480,0.895330,0.617770,0.459010,0.287030,2015
Belgium,Western Europe,19,6.937000,1.307820,1.285660,0.896670,0.584500,0.222500,0.225400,2015
United Arab Emirates,Middle East and Northern Africa,20,6.901000,1.427270,1.125750,0.809250,0.641570,0.264280,0.385830,2015
United Kingdom,Western Europe,21,6.867000,1.266370,1.285480,0.909430,0.596250,0.519120,0.320670,2015
Oman,Middle East and Northern Africa,22,6.853000,1.360110,1.081820,0.762760,0.632740,0.215420,0.325240,2015
Venezuela,Latin America and Caribbean,23,6.810000,1.044240,1.255960,0.720520,0.429080,0.058410,0.110690,2015
Singapore,Southeastern Asia,24,6.798000,1.521860,1.020000,1.025250,0.542520,0.311050,0.492100,2015
Panama,Latin America and Caribbean,25,6.786000,1.063530,1.198500,0.796610,0.542100,0.244340,0.092700,2015
Germany,Western Europe,26,6.750000,1.327920,1.299370,0.891860,0.614770,0.282140,0.218430,2015
Chile,Latin America and Caribbean,27,6.670000,1.107150,1.124470,0.858570,0.441320,0.333630,0.128690,2015
Qatar,Middle East and Northern Africa,28,6.611000,1.690420,1.078600,0.797330,0.640400,0.325730,0.522080,2015
France,Western Europe,29,6.575000,1.277780,1.260380,0.945790,0.550110,0.123320,0.206460,2015
Argentina,Latin America and Caribbean,30,6.574000,1.053510,1.248230,0.787230,0.449740,0.114510,0.084840,2015
Czech Republic,Central and Eastern Europe,31,6.505000,1.178980,1.206430,0.844830,0.463640,0.106860,0.026520,2015
Uruguay,Latin America and Caribbean,32,6.485000,1.061660,1.208900,0.811600,0.603620,0.232400,0.245580,2015
Colombia,Latin America and Caribbean,33,6.477000,0.918610,1.240180,0.690770,0.534660,0.184010,0.051200,2015
Thailand,Southeastern Asia,34,6.455000,0.966900,1.265040,0.738500,0.556640,0.576300,0.031870,2015
Saudi Arabia,Middle East and Northern Africa,35,6.411000,1.395410,1.083930,0.720250,0.310480,0.137060,0.325240,2015
Spain,Western Europe,36,6.329000,1.230110,1.313790,0.955620,0.459510,0.182270,0.063980,2015
Malta,Western Europe,37,6.302000,1.207400,1.302030,0.887210,0.603650,0.517520,0.135860,2015
Taiwan,Eastern Asia,38,6.298000,1.290980,1.076170,0.875300,0.397400,0.253760,0.081290,2015
Kuwait,Middle East and Northern Africa,39,6.295000,1.554220,1.165940,0.724920,0.554990,0.162280,0.256090,2015
Suriname,Latin America and Caribbean,40,6.269000,0.995340,0.972000,0.608200,0.596570,0.169910,0.136330,2015
Trinidad and Tobago,Latin America and Caribbean,41,6.168000,1.211830,1.183540,0.614830,0.558840,0.318440,0.011400,2015
El Salvador,Latin America and Caribbean,42,6.130000,0.764540,1.025070,0.677370,0.403500,0.106920,0.117760,2015
Guatemala,Latin America and Caribbean,43,6.123000,0.745530,1.043560,0.644250,0.577330,0.274890,0.094720,2015
Uzbekistan,Central and Eastern Europe,44,6.003000,0.632440,1.340430,0.597720,0.658210,0.228370,0.308260,2015
Slovakia,Central and Eastern Europe,45,5.995000,1.168910,1.269990,0.789020,0.317510,0.168930,0.034310,2015
Japan,Eastern Asia,46,5.987000,1.270740,1.257120,0.991110,0.496150,0.107050,0.180600,2015
South Korea,Eastern Asia,47,5.984000,1.244610,0.957740,0.965380,0.332080,0.185570,0.078570,2015
Ecuador,Latin America and Caribbean,48,5.975000,0.864020,0.999030,0.790750,0.485740,0.115410,0.180900,2015
Bahrain,Middle East and Northern Africa,49,5.960000,1.323760,1.216240,0.747160,0.454920,0.173620,0.306000,2015
Italy,Western Europe,50,5.948000,1.251140,1.197770,0.954460,0.262360,0.228230,0.029010,2015
Bolivia,Latin America and Caribbean,51,5.890000,0.681330,0.978410,0.539200,0.574140,0.205360,0.088000,2015
Moldova,Central and Eastern Europe,52,5.889000,0.594480,1.015280,0.618260,0.328180,0.209510,0.016150,2015
Paraguay,Latin America and Caribbean,53,5.878000,0.759850,1.304770,0.660980,0.538990,0.342400,0.082420,2015
Kazakhstan,Central and Eastern Europe,54,5.855000,1.122540,1.122410,0.643680,0.516490,0.118270,0.084540,2015
Slovenia,Central and Eastern Europe,55,5.848000,1.184980,1.273850,0.873370,0.608550,0.253280,0.037870,2015
Lithuania,Central and Eastern Europe,56,5.833000,1.147230,1.257450,0.731280,0.213420,0.026410,0.010310,2015
Nicaragua,Latin America and Caribbean,57,5.828000,0.593250,1.141840,0.743140,0.554750,0.278150,0.193170,2015
Peru,Latin America and Caribbean,58,5.824000,0.900190,0.974590,0.730170,0.414960,0.149820,0.059890,2015
Belarus,Central and Eastern Europe,59,5.813000,1.031920,1.232890,0.736080,0.379380,0.110460,0.190900,2015
Poland,Central and Eastern Europe,60,5.791000,1.125550,1.279480,0.779030,0.531220,0.167590,0.042120,2015
Malaysia,Southeastern Asia,61,5.770000,1.124860,1.070230,0.723940,0.530240,0.330750,0.105010,2015
Croatia,Central and Eastern Europe,62,5.759000,1.082540,0.796240,0.788050,0.258830,0.054440,0.024300,2015
Libya,Middle East and Northern Africa,63,5.754000,1.131450,1.118620,0.703800,0.416680,0.182950,0.110230,2015
Russia,Central and Eastern Europe,64,5.716000,1.137640,1.236170,0.669260,0.366790,0.001990,0.030050,2015
Jamaica,Latin America and Caribbean,65,5.709000,0.810380,1.151020,0.687410,0.504420,0.212300,0.022990,2015
North Cyprus,Western Europe,66,5.695000,1.208060,1.070080,0.923560,0.490270,0.261690,0.142800,2015
Cyprus,Western Europe,67,5.689000,1.208130,0.893180,0.923560,0.406720,0.306380,0.061460,2015
Algeria,Middle East and Northern Africa,68,5.605000,0.939290,1.077720,0.617660,0.285790,0.078220,0.173830,2015
Kosovo,Central and Eastern Europe,69,5.589000,0.801480,0.811980,0.631320,0.247490,0.283100,0.047410,2015
Turkmenistan,Central and Eastern Europe,70,5.548000,0.958470,1.226680,0.538860,0.476100,0.169790,0.308440,2015
Mauritius,Sub-Saharan Africa,71,5.477000,1.007610,0.985210,0.709500,0.560660,0.377440,0.075210,2015
Hong Kong,Eastern Asia,72,5.474000,1.386040,1.058180,1.013280,0.596080,0.394780,0.371240,2015
Estonia,Central and Eastern Europe,73,5.429000,1.151740,1.227910,0.773610,0.448880,0.086800,0.151840,2015
Indonesia,Southeastern Asia,74,5.399000,0.828270,1.087080,0.637930,0.466110,0.515350,0.000000,2015
Vietnam,Southeastern Asia,75,5.360000,0.632160,0.912260,0.746760,0.594440,0.168600,0.104410,2015
Turkey,Middle East and Northern Africa,76,5.332000,1.060980,0.946320,0.731720,0.228150,0.122530,0.157460,2015
Kyrgyzstan,Central and Eastern Europe,77,5.286000,0.474280,1.151150,0.650880,0.434770,0.300300,0.042320,2015
Nigeria,Sub-Saharan Africa,78,5.268000,0.654350,0.904320,0.160070,0.343340,0.272330,0.040300,2015
Bhutan,Southern Asia,79,5.253000,0.770420,1.103950,0.574070,0.532060,0.479980,0.154450,2015
Azerbaijan,Central and Eastern Europe,80,5.212000,1.023890,0.937930,0.640450,0.370300,0.077990,0.160650,2015
Pakistan,Southern Asia,81,5.194000,0.595430,0.414110,0.514660,0.121020,0.336710,0.104640,2015
Jordan,Middle East and Northern Africa,82,5.192000,0.901980,1.053920,0.696390,0.406610,0.110530,0.142930,2015
Montenegro,Central and Eastern Europe,82,5.192000,0.974380,0.905570,0.725210,0.182600,0.161400,0.142960,2015
China,Eastern Asia,84,5.140000,0.890120,0.946750,0.816580,0.516970,0.081850,0.027810,2015
Zambia,Sub-Saharan Africa,85,5.129000,0.470380,0.916120,0.299240,0.488270,0.195910,0.124680,2015
Romania,Central and Eastern Europe,86,5.124000,1.043450,0.885880,0.768900,0.350680,0.137480,0.006490,2015
Serbia,Central and Eastern Europe,87,5.123000,0.920530,1.009640,0.748360,0.201070,0.192310,0.026170,2015
Portugal,Western Europe,88,5.102000,1.159910,1.139350,0.875190,0.514690,0.137190,0.010780,2015
Latvia,Central and Eastern Europe,89,5.098000,1.113120,1.095620,0.724370,0.296710,0.182260,0.063320,2015
Philippines,Southeastern Asia,90,5.073000,0.705320,1.035160,0.581140,0.625450,0.249910,0.122790,2015
Somaliland region,Sub-Saharan Africa,91,5.057000,0.188470,0.951520,0.438730,0.465820,0.503180,0.399280,2015
Morocco,Middle East and Northern Africa,92,5.013000,0.734790,0.640950,0.609540,0.416910,0.071720,0.085460,2015
Macedonia,Central and Eastern Europe,93,5.007000,0.918510,1.002320,0.735450,0.334570,0.223590,0.053270,2015
Mozambique,Sub-Saharan Africa,94,4.971000,0.083080,1.026260,0.091310,0.340370,0.222690,0.156030,2015
Albania,Central and Eastern Europe,95,4.959000,0.878670,0.804340,0.813250,0.357330,0.142720,0.064130,2015
Bosnia and Herzegovina,Central and Eastern Europe,96,4.949000,0.832230,0.919160,0.790810,0.092450,0.248080,0.002270,2015
Lesotho,Sub-Saharan Africa,97,4.898000,0.375450,1.041030,0.076120,0.317670,0.163880,0.125040,2015
Dominican Republic,Latin America and Caribbean,98,4.885000,0.895370,1.172020,0.668250,0.576720,0.216840,0.142340,2015
Laos,Southeastern Asia,99,4.876000,0.590660,0.738030,0.549090,0.595910,0.421920,0.242490,2015
Mongolia,Eastern Asia,100,4.874000,0.828190,1.300600,0.602680,0.436260,0.332300,0.026660,2015
Swaziland,Sub-Saharan Africa,101,4.867000,0.712060,1.072840,0.075660,0.306580,0.182590,0.030600,2015
Greece,Western Europe,102,4.857000,1.154060,0.929330,0.882130,0.076990,0.000000,0.013970,2015
Lebanon,Middle East and Northern Africa,103,4.839000,1.025640,0.800010,0.839470,0.339160,0.218540,0.045820,2015
Hungary,Central and Eastern Europe,104,4.800000,1.120940,1.202150,0.759050,0.321120,0.128000,0.027580,2015
Honduras,Latin America and Caribbean,105,4.788000,0.595320,0.953480,0.695100,0.401480,0.230270,0.068250,2015
Tajikistan,Central and Eastern Europe,106,4.786000,0.390470,0.855630,0.573790,0.472160,0.229740,0.150720,2015
Tunisia,Middle East and Northern Africa,107,4.739000,0.881130,0.604290,0.737930,0.262680,0.064310,0.063580,2015
Palestinian Territories,Middle East and Northern Africa,108,4.715000,0.598670,0.925580,0.660150,0.244990,0.112510,0.129050,2015
Bangladesh,Southern Asia,109,4.694000,0.397530,0.431060,0.601640,0.408200,0.212220,0.125690,2015
Iran,Middle East and Northern Africa,110,4.686000,1.008800,0.544470,0.698050,0.300330,0.380860,0.058630,2015
Ukraine,Central and Eastern Europe,111,4.681000,0.799070,1.202780,0.673900,0.251230,0.152750,0.029610,2015
Iraq,Middle East and Northern Africa,112,4.677000,0.985490,0.818890,0.602370,0.000000,0.179220,0.137880,2015
South Africa,Sub-Saharan Africa,113,4.642000,0.920490,1.184680,0.276880,0.332070,0.119730,0.088840,2015
Ghana,Sub-Saharan Africa,114,4.633000,0.545580,0.679540,0.401320,0.423420,0.230870,0.043550,2015
Zimbabwe,Sub-Saharan Africa,115,4.610000,0.271000,1.032760,0.334750,0.258610,0.189870,0.080790,2015
Liberia,Sub-Saharan Africa,116,4.571000,0.071200,0.789680,0.342010,0.285310,0.243620,0.062320,2015
India,Southern Asia,117,4.565000,0.644990,0.381740,0.515290,0.397860,0.264750,0.084920,2015
Sudan,Sub-Saharan Africa,118,4.550000,0.521070,1.014040,0.368780,0.100810,0.190620,0.146600,2015
Haiti,Latin America and Caribbean,119,4.518000,0.266730,0.743020,0.388470,0.244250,0.461870,0.171750,2015
Congo (Kinshasa),Sub-Saharan Africa,120,4.517000,0.000000,1.001200,0.098060,0.226050,0.248340,0.076250,2015
Nepal,Southern Asia,121,4.514000,0.359970,0.864490,0.568740,0.382820,0.322960,0.059070,2015
Ethiopia,Sub-Saharan Africa,122,4.512000,0.190730,0.604060,0.440550,0.434500,0.243250,0.150480,2015
Sierra Leone,Sub-Saharan Africa,123,4.507000,0.330240,0.955710,0.000000,0.408400,0.214880,0.087860,2015
Mauritania,Sub-Saharan Africa,124,4.436000,0.454070,0.869080,0.358740,0.242320,0.219000,0.174610,2015
Kenya,Sub-Saharan Africa,125,4.419000,0.364710,0.998760,0.414350,0.422150,0.375420,0.058390,2015
Djibouti,Sub-Saharan Africa,126,4.369000,0.440250,0.592070,0.362910,0.460740,0.180930,0.281050,2015
Armenia,Central and Eastern Europe,127,4.350000,0.768210,0.777110,0.729900,0.198470,0.078550,0.039000,2015
Botswana,Sub-Saharan Africa,128,4.332000,0.993550,1.104640,0.047760,0.494950,0.104610,0.124740,2015
Myanmar,Southeastern Asia,129,4.307000,0.271080,0.709050,0.482460,0.440170,0.795880,0.190340,2015
Georgia,Central and Eastern Europe,130,4.297000,0.741900,0.385620,0.729260,0.405770,0.055470,0.383310,2015
Malawi,Sub-Saharan Africa,131,4.292000,0.016040,0.411340,0.225620,0.430540,0.331280,0.069770,2015
Sri Lanka,Southern Asia,132,4.271000,0.835240,1.019050,0.708060,0.537260,0.408280,0.091790,2015
Cameroon,Sub-Saharan Africa,133,4.252000,0.422500,0.887670,0.234020,0.493090,0.206180,0.057860,2015
Bulgaria,Central and Eastern Europe,134,4.218000,1.012160,1.106140,0.766490,0.305870,0.119210,0.008720,2015
Egypt,Middle East and Northern Africa,135,4.194000,0.881800,0.747000,0.617120,0.172880,0.112910,0.063240,2015
Yemen,Middle East and Northern Africa,136,4.077000,0.546490,0.680930,0.400640,0.355710,0.091310,0.078540,2015
Angola,Sub-Saharan Africa,137,4.033000,0.757780,0.860400,0.166830,0.103840,0.123440,0.071220,2015
Mali,Sub-Saharan Africa,138,3.995000,0.260740,1.035260,0.205830,0.388570,0.187980,0.123520,2015
Congo (Brazzaville),Sub-Saharan Africa,139,3.989000,0.678660,0.662900,0.310510,0.414660,0.123880,0.116860,2015
Comoros,Sub-Saharan Africa,140,3.956000,0.239060,0.792730,0.363150,0.229170,0.174410,0.199000,2015
Uganda,Sub-Saharan Africa,141,3.931000,0.211020,1.132990,0.338610,0.457270,0.290660,0.072670,2015
Senegal,Sub-Saharan Africa,142,3.904000,0.364980,0.976190,0.435400,0.367720,0.208430,0.107130,2015
Gabon,Sub-Saharan Africa,143,3.896000,1.060240,0.905280,0.433720,0.319140,0.068220,0.110910,2015
Niger,Sub-Saharan Africa,144,3.845000,0.069400,0.772650,0.297070,0.476920,0.193870,0.156390,2015
Cambodia,Southeastern Asia,145,3.819000,0.460380,0.627360,0.611140,0.662460,0.403590,0.072470,2015
Tanzania,Sub-Saharan Africa,146,3.781000,0.285200,1.002680,0.382150,0.328780,0.343770,0.057470,2015
Madagascar,Sub-Saharan Africa,147,3.681000,0.208240,0.668010,0.467210,0.191840,0.213330,0.081240,2015
Central African Republic,Sub-Saharan Africa,148,3.678000,0.078500,0.000000,0.066990,0.488790,0.238350,0.082890,2015
Chad,Sub-Saharan Africa,149,3.667000,0.341930,0.760620,0.150100,0.235010,0.183860,0.052690,2015
Guinea,Sub-Saharan Africa,150,3.656000,0.174170,0.464750,0.240090,0.377250,0.286570,0.121390,2015
Ivory Coast,Sub-Saharan Africa,151,3.655000,0.465340,0.771150,0.151850,0.468660,0.201650,0.179220,2015
Burkina Faso,Sub-Saharan Africa,152,3.587000,0.258120,0.851880,0.271250,0.394930,0.217470,0.128320,2015
Afghanistan,Southern Asia,153,3.575000,0.319820,0.302850,0.303350,0.234140,0.365100,0.097190,2015
Rwanda,Sub-Saharan Africa,154,3.465000,0.222080,0.773700,0.428640,0.592010,0.226280,0.551910,2015
Benin,Sub-Saharan Africa,155,3.340000,0.286650,0.353860,0.319100,0.484500,0.182600,0.080100,2015
Syria,Middle East and Northern Africa,156,3.006000,0.663200,0.474890,0.721930,0.156840,0.471790,0.189060,2015
Burundi,Sub-Saharan Africa,157,2.905000,0.015300,0.415870,0.223960,0.118500,0.197270,0.100620,2015
Togo,Sub-Saharan Africa,158,2.839000,0.208680,0.139950,0.284430,0.364530,0.166810,0.107310,2015
Denmark,Western Europe,1,7.526000,1.441780,1.163740,0.795040,0.579410,0.361710,0.444530,2016
Switzerland,Western Europe,2,7.509000,1.527330,1.145240,0.863030,0.585570,0.280830,0.412030,2016
Iceland,Western Europe,3,7.501000,1.426660,1.183260,0.867330,0.566240,0.476780,0.149750,2016
Norway,Western Europe,4,7.498000,1.577440,1.126900,0.795790,0.596090,0.378950,0.357760,2016
Finland,Western Europe,5,7.413000,1.405980,1.134640,0.810910,0.571040,0.254920,0.410040,2016
Canada,North America,6,7.404000,1.440150,1.096100,0.827600,0.573700,0.448340,0.313290,2016
Netherlands,Western Europe,7,7.339000,1.464680,1.029120,0.812310,0.552110,0.474160,0.299270,2016
New Zealand,Australia and New Zealand,8,7.334000,1.360660,1.172780,0.830960,0.581470,0.494010,0.419040,2016
Australia,Australia and New Zealand,9,7.313000,1.444430,1.104760,0.851200,0.568370,0.474070,0.323310,2016
Sweden,Western Europe,10,7.291000,1.451810,1.087640,0.831210,0.582180,0.382540,0.408670,2016
Israel,Middle East and Northern Africa,11,7.267000,1.337660,0.995370,0.849170,0.364320,0.322880,0.087280,2016
Austria,Western Europe,12,7.119000,1.450380,1.083830,0.805650,0.543550,0.328650,0.213480,2016
United States,North America,13,7.104000,1.507960,1.047820,0.779000,0.481630,0.410770,0.148680,2016
Costa Rica,Latin America and Caribbean,14,7.087000,1.068790,1.021520,0.761460,0.552250,0.225530,0.105470,2016
Puerto Rico,Latin America and Caribbean,15,7.039000,1.359430,1.081130,0.777580,0.468230,0.222020,0.122750,2016
Germany,Western Europe,16,6.994000,1.447870,1.097740,0.814870,0.534660,0.304520,0.285510,2016
Brazil,Latin America and Caribbean,17,6.952000,1.087540,1.039380,0.614150,0.404250,0.157760,0.141660,2016
Belgium,Western Europe,18,6.929000,1.425390,1.052490,0.819590,0.513540,0.242400,0.262480,2016
Ireland,Western Europe,19,6.907000,1.483410,1.161570,0.814550,0.540080,0.449630,0.297540,2016
Luxembourg,Western Europe,20,6.871000,1.697520,1.039990,0.845420,0.548700,0.275710,0.353290,2016
Mexico,Latin America and Caribbean,21,6.778000,1.115080,0.714600,0.711430,0.377090,0.117350,0.183550,2016
Singapore,Southeastern Asia,22,6.739000,1.645550,0.867580,0.947190,0.487700,0.327060,0.469870,2016
United Kingdom,Western Europe,23,6.725000,1.402830,1.086720,0.809910,0.500360,0.501560,0.273990,2016
Chile,Latin America and Caribbean,24,6.705000,1.216700,0.905870,0.818830,0.377890,0.315950,0.114510,2016
Panama,Latin America and Caribbean,25,6.701000,1.183060,0.989120,0.708350,0.489270,0.241800,0.084230,2016
Argentina,Latin America and Caribbean,26,6.650000,1.151370,1.066120,0.697110,0.422840,0.109890,0.072960,2016
Czech Republic,Central and Eastern Europe,27,6.596000,1.309150,1.007930,0.763760,0.414180,0.099290,0.039860,2016
United Arab Emirates,Middle East and Northern Africa,28,6.573000,1.573520,0.871140,0.729930,0.562150,0.265910,0.355610,2016
Uruguay,Latin America and Caribbean,29,6.545000,1.181570,1.031430,0.721830,0.543880,0.180560,0.213940,2016
Malta,Western Europe,30,6.488000,1.307820,1.098790,0.803150,0.549940,0.562370,0.175540,2016
Colombia,Latin America and Caribbean,31,6.481000,1.030320,1.021690,0.596590,0.447350,0.156260,0.053990,2016
France,Western Europe,32,6.478000,1.394880,1.005080,0.837950,0.465620,0.121600,0.178080,2016
Thailand,Southeastern Asia,33,6.474000,1.089300,1.044770,0.649150,0.495530,0.586960,0.028330,2016
Saudi Arabia,Middle East and Northern Africa,34,6.379000,1.489530,0.848290,0.592670,0.379040,0.154570,0.300080,2016
Taiwan,Eastern Asia,34,6.379000,1.397290,0.926240,0.795650,0.323770,0.254950,0.066300,2016
Qatar,Middle East and Northern Africa,36,6.375000,1.824270,0.879640,0.717230,0.566790,0.323880,0.480490,2016
Spain,Western Europe,37,6.361000,1.342530,1.129450,0.878960,0.375450,0.176650,0.061370,2016
Algeria,Middle East and Northern Africa,38,6.355000,1.052660,0.833090,0.618040,0.210060,0.070440,0.161570,2016
Guatemala,Latin America and Caribbean,39,6.324000,0.834540,0.871190,0.540390,0.503790,0.288080,0.087010,2016
Suriname,Latin America and Caribbean,40,6.269000,1.096860,0.778660,0.509330,0.522340,0.166650,0.126920,2016
Kuwait,Middle East and Northern Africa,41,6.239000,1.617140,0.877580,0.635690,0.431660,0.159650,0.236690,2016
Bahrain,Middle East and Northern Africa,42,6.218000,1.440240,0.943970,0.656960,0.473750,0.171470,0.257720,2016
Trinidad and Tobago,Latin America and Caribbean,43,6.168000,1.325720,0.985690,0.526080,0.484530,0.319350,0.012410,2016
Venezuela,Latin America and Caribbean,44,6.084000,1.133670,1.033020,0.619040,0.198470,0.042500,0.083040,2016
Slovakia,Central and Eastern Europe,45,6.078000,1.279730,1.082680,0.703670,0.233910,0.138370,0.029470,2016
El Salvador,Latin America and Caribbean,46,6.068000,0.873700,0.809750,0.596000,0.372690,0.088770,0.106130,2016
Malaysia,Southeastern Asia,47,6.005000,1.251420,0.880250,0.623660,0.390310,0.414740,0.090810,2016
Nicaragua,Latin America and Caribbean,48,5.992000,0.693840,0.895210,0.652130,0.465820,0.297730,0.162920,2016
Uzbekistan,Central and Eastern Europe,49,5.987000,0.735910,1.168100,0.501630,0.608480,0.343260,0.283330,2016
Italy,Western Europe,50,5.977000,1.354950,1.041670,0.851020,0.188270,0.166840,0.025560,2016
Ecuador,Latin America and Caribbean,51,5.976000,0.973060,0.859740,0.686130,0.402700,0.100740,0.180370,2016
Belize,Latin America and Caribbean,52,5.956000,0.876160,0.686550,0.455690,0.512310,0.236840,0.107710,2016
Japan,Eastern Asia,53,5.921000,1.380070,1.060540,0.914910,0.467610,0.102240,0.189850,2016
Kazakhstan,Central and Eastern Europe,54,5.919000,1.229430,0.955440,0.573860,0.405200,0.150110,0.111320,2016
Moldova,Central and Eastern Europe,55,5.897000,0.691770,0.831320,0.523090,0.252020,0.199970,0.019030,2016
Russia,Central and Eastern Europe,56,5.856000,1.232280,1.052610,0.589910,0.326820,0.027360,0.035860,2016
Poland,Central and Eastern Europe,57,5.835000,1.245850,1.046850,0.690580,0.451900,0.144430,0.055000,2016
South Korea,Eastern Asia,57,5.835000,1.359480,0.721940,0.886450,0.251680,0.188240,0.077160,2016
Bolivia,Latin America and Caribbean,59,5.822000,0.794220,0.837790,0.469700,0.509610,0.216980,0.077460,2016
Lithuania,Central and Eastern Europe,60,5.813000,1.269200,1.064110,0.646740,0.189290,0.020250,0.018200,2016
Belarus,Central and Eastern Europe,61,5.802000,1.130620,1.049930,0.631040,0.290910,0.139420,0.174570,2016
North Cyprus,Western Europe,62,5.771000,1.311410,0.818260,0.841420,0.435960,0.263220,0.165780,2016
Slovenia,Central and Eastern Europe,63,5.768000,1.299470,1.056130,0.791510,0.531640,0.257380,0.036350,2016
Peru,Latin America and Caribbean,64,5.743000,0.996020,0.812550,0.629940,0.375020,0.145270,0.052920,2016
Turkmenistan,Central and Eastern Europe,65,5.658000,1.080170,1.038170,0.440060,0.374080,0.225670,0.284670,2016
Mauritius,Sub-Saharan Africa,66,5.648000,1.143720,0.756950,0.661890,0.461450,0.369510,0.052030,2016
Libya,Middle East and Northern Africa,67,5.615000,1.066880,0.950760,0.523040,0.406720,0.170870,0.103390,2016
Latvia,Central and Eastern Europe,68,5.560000,1.217880,0.950250,0.639520,0.279960,0.174450,0.088900,2016
Cyprus,Western Europe,69,5.546000,1.318570,0.706970,0.848800,0.295070,0.279060,0.052280,2016
Paraguay,Latin America and Caribbean,70,5.538000,0.893730,1.111110,0.582950,0.462350,0.252960,0.073960,2016
Romania,Central and Eastern Europe,71,5.528000,1.169700,0.728030,0.676020,0.367120,0.128890,0.006790,2016
Estonia,Central and Eastern Europe,72,5.517000,1.279640,1.051630,0.680980,0.415110,0.084230,0.185190,2016
Jamaica,Latin America and Caribbean,73,5.510000,0.893330,0.963720,0.594690,0.435970,0.222450,0.042940,2016
Croatia,Central and Eastern Europe,74,5.488000,1.186490,0.608090,0.705240,0.239070,0.184340,0.040020,2016
Hong Kong,Eastern Asia,75,5.458000,1.510700,0.870210,0.952770,0.480790,0.400970,0.316470,2016
Somalia,Sub-Saharan Africa,76,5.440000,0.000000,0.336130,0.114660,0.567780,0.272250,0.311800,2016
Kosovo,Central and Eastern Europe,77,5.401000,0.901450,0.660620,0.540000,0.143960,0.279920,0.065470,2016
Turkey,Middle East and Northern Africa,78,5.389000,1.164920,0.877170,0.647180,0.238890,0.047070,0.123480,2016
Indonesia,Southeastern Asia,79,5.314000,0.951040,0.876250,0.493740,0.392370,0.565210,0.003220,2016
Jordan,Middle East and Northern Africa,80,5.303000,0.996730,0.862160,0.607120,0.360230,0.142620,0.132970,2016
Azerbaijan,Central and Eastern Europe,81,5.291000,1.123730,0.760420,0.545040,0.353270,0.056400,0.179140,2016
Philippines,Southeastern Asia,82,5.279000,0.812170,0.878770,0.470360,0.548540,0.216740,0.117570,2016
China,Eastern Asia,83,5.245000,1.027800,0.793810,0.735610,0.440120,0.049590,0.027450,2016
Bhutan,Southern Asia,84,5.196000,0.852700,0.908360,0.497590,0.460740,0.485460,0.161600,2016
Kyrgyzstan,Central and Eastern Europe,85,5.185000,0.560440,0.954340,0.554490,0.402120,0.384320,0.047620,2016
Serbia,Central and Eastern Europe,86,5.177000,1.034370,0.813290,0.645800,0.157180,0.207370,0.043390,2016
Bosnia and Herzegovina,Central and Eastern Europe,87,5.163000,0.933830,0.643670,0.707660,0.095110,0.298890,0.000000,2016
Montenegro,Central and Eastern Europe,88,5.161000,1.078380,0.741730,0.635330,0.151110,0.171910,0.127210,2016
Dominican Republic,Latin America and Caribbean,89,5.155000,1.027870,0.994960,0.576690,0.522590,0.212860,0.123720,2016
Morocco,Middle East and Northern Africa,90,5.151000,0.840580,0.385950,0.594710,0.256460,0.040530,0.084040,2016
Hungary,Central and Eastern Europe,91,5.145000,1.241420,0.931640,0.676080,0.197700,0.099000,0.044720,2016
Pakistan,Southern Asia,92,5.132000,0.688160,0.261350,0.403060,0.146220,0.311850,0.138800,2016
Lebanon,Middle East and Northern Africa,93,5.129000,1.122680,0.641840,0.761710,0.262280,0.236930,0.030610,2016
Portugal,Western Europe,94,5.123000,1.276070,0.943670,0.793630,0.447270,0.116910,0.015210,2016
Macedonia,Central and Eastern Europe,95,5.121000,1.019300,0.782360,0.647380,0.276680,0.235070,0.070470,2016
Vietnam,Southeastern Asia,96,5.061000,0.740370,0.791170,0.661570,0.559540,0.250750,0.115560,2016
Somaliland Region,Sub-Saharan Africa,97,5.057000,0.255580,0.758620,0.331080,0.391300,0.514790,0.367940,2016
Tunisia,Middle East and Northern Africa,98,5.045000,0.977240,0.431650,0.595770,0.235530,0.039360,0.081700,2016
Greece,Western Europe,99,5.033000,1.248860,0.754730,0.800290,0.058220,0.000000,0.041270,2016
Tajikistan,Central and Eastern Europe,100,4.996000,0.488350,0.756020,0.531190,0.434080,0.259980,0.135090,2016
Mongolia,Eastern Asia,101,4.907000,0.988530,1.089830,0.554690,0.359720,0.345390,0.032850,2016
Laos,Southeastern Asia,102,4.876000,0.680420,0.549700,0.382910,0.521680,0.430790,0.224230,2016
Nigeria,Sub-Saharan Africa,103,4.875000,0.752160,0.644980,0.051080,0.278540,0.232190,0.030500,2016
Honduras,Latin America and Caribbean,104,4.871000,0.694290,0.755960,0.583830,0.267550,0.204400,0.069060,2016
Iran,Middle East and Northern Africa,105,4.813000,1.117580,0.388570,0.642320,0.225440,0.385380,0.055700,2016
Zambia,Sub-Saharan Africa,106,4.795000,0.612020,0.637600,0.235730,0.426620,0.178660,0.114790,2016
Nepal,Southern Asia,107,4.793000,0.446260,0.696990,0.500730,0.370120,0.381600,0.070080,2016
Palestinian Territories,Middle East and Northern Africa,108,4.754000,0.670240,0.716290,0.568440,0.177440,0.111540,0.106130,2016
Albania,Central and Eastern Europe,109,4.655000,0.955300,0.501630,0.730070,0.318660,0.168400,0.053010,2016
Bangladesh,Southern Asia,110,4.643000,0.541770,0.247490,0.529890,0.397780,0.191320,0.125830,2016
Sierra Leone,Sub-Saharan Africa,111,4.635000,0.364850,0.628000,0.000000,0.306850,0.238970,0.081960,2016
Iraq,Middle East and Northern Africa,112,4.575000,1.074740,0.592050,0.510760,0.248560,0.195890,0.136360,2016
Namibia,Sub-Saharan Africa,113,4.574000,0.932870,0.703620,0.347450,0.486140,0.077950,0.103980,2016
Cameroon,Sub-Saharan Africa,114,4.513000,0.524970,0.625420,0.126980,0.427360,0.226800,0.061260,2016
Ethiopia,Sub-Saharan Africa,115,4.508000,0.292830,0.379320,0.345780,0.367030,0.295220,0.171700,2016
South Africa,Sub-Saharan Africa,116,4.459000,1.024160,0.960530,0.186110,0.424830,0.136560,0.084150,2016
Sri Lanka,Southern Asia,117,4.415000,0.973180,0.847830,0.620070,0.508170,0.469780,0.079640,2016
India,Southern Asia,118,4.404000,0.740360,0.292470,0.450910,0.402850,0.250280,0.087220,2016
Myanmar,Southeastern Asia,119,4.395000,0.341120,0.699810,0.398800,0.426920,0.819710,0.202430,2016
Egypt,Middle East and Northern Africa,120,4.362000,0.953950,0.498130,0.521160,0.188470,0.127060,0.103930,2016
Armenia,Central and Eastern Europe,121,4.360000,0.860860,0.624770,0.640830,0.140370,0.077930,0.036160,2016
Kenya,Sub-Saharan Africa,122,4.356000,0.522670,0.762400,0.301470,0.405760,0.413280,0.066860,2016
Ukraine,Central and Eastern Europe,123,4.324000,0.872870,1.014130,0.586280,0.128590,0.203630,0.018290,2016
Ghana,Sub-Saharan Africa,124,4.276000,0.631070,0.493530,0.296810,0.409730,0.212030,0.032600,2016
Congo (Kinshasa),Sub-Saharan Africa,125,4.272000,0.056610,0.806760,0.188000,0.156020,0.254580,0.060750,2016
Georgia,Central and Eastern Europe,126,4.252000,0.837920,0.192490,0.640350,0.324610,0.067860,0.318800,2016
Congo (Brazzaville),Sub-Saharan Africa,127,4.236000,0.771090,0.477990,0.282120,0.379380,0.120770,0.097530,2016
Senegal,Sub-Saharan Africa,128,4.219000,0.443140,0.774160,0.404570,0.310560,0.191030,0.116810,2016
Bulgaria,Central and Eastern Europe,129,4.217000,1.113060,0.925420,0.678060,0.212190,0.127930,0.006150,2016
Mauritania,Sub-Saharan Africa,130,4.201000,0.613910,0.841420,0.286390,0.126800,0.226860,0.179550,2016
Zimbabwe,Sub-Saharan Africa,131,4.193000,0.350410,0.714780,0.159500,0.254290,0.185030,0.085820,2016
Malawi,Sub-Saharan Africa,132,4.156000,0.087090,0.147000,0.293640,0.414300,0.309680,0.075640,2016
Sudan,Sub-Saharan Africa,133,4.139000,0.630690,0.819280,0.297590,0.000000,0.180770,0.100390,2016
Gabon,Sub-Saharan Africa,134,4.121000,1.158510,0.723680,0.349400,0.280980,0.062440,0.093140,2016
Mali,Sub-Saharan Africa,135,4.073000,0.312920,0.863330,0.163470,0.275440,0.210640,0.136470,2016
Haiti,Latin America and Caribbean,136,4.028000,0.340970,0.295610,0.274940,0.120720,0.479580,0.144760,2016
Botswana,Sub-Saharan Africa,137,3.974000,1.094260,0.891860,0.347520,0.440890,0.124250,0.107690,2016
Comoros,Sub-Saharan Africa,138,3.956000,0.275090,0.603230,0.299810,0.154120,0.182700,0.184370,2016
Ivory Coast,Sub-Saharan Africa,139,3.916000,0.555070,0.575760,0.044760,0.406630,0.203380,0.155300,2016
Cambodia,Southeastern Asia,140,3.907000,0.556040,0.537500,0.424940,0.588520,0.403390,0.080920,2016
Angola,Sub-Saharan Africa,141,3.866000,0.847310,0.663660,0.049910,0.005890,0.120710,0.084340,2016
Niger,Sub-Saharan Africa,142,3.856000,0.132700,0.605300,0.261620,0.380410,0.209700,0.171760,2016
South Sudan,Sub-Saharan Africa,143,3.832000,0.393940,0.185190,0.157810,0.196620,0.258990,0.130150,2016
Chad,Sub-Saharan Africa,144,3.763000,0.422140,0.631780,0.038240,0.128070,0.186670,0.049520,2016
Burkina Faso,Sub-Saharan Africa,145,3.739000,0.319950,0.630540,0.212970,0.333700,0.243530,0.125330,2016
Uganda,Sub-Saharan Africa,145,3.739000,0.347190,0.909810,0.196250,0.436530,0.271020,0.064420,2016
Yemen,Middle East and Northern Africa,147,3.724000,0.579390,0.474930,0.310480,0.228700,0.098210,0.058920,2016
Madagascar,Sub-Saharan Africa,148,3.695000,0.279540,0.461150,0.371090,0.136840,0.220400,0.075060,2016
Tanzania,Sub-Saharan Africa,149,3.666000,0.471550,0.776230,0.357000,0.317600,0.314720,0.050990,2016
Liberia,Sub-Saharan Africa,150,3.622000,0.107060,0.503530,0.231650,0.257480,0.240630,0.048520,2016
Guinea,Sub-Saharan Africa,151,3.607000,0.224150,0.310900,0.188290,0.309530,0.299140,0.119200,2016
Rwanda,Sub-Saharan Africa,152,3.515000,0.328460,0.615860,0.318650,0.543200,0.235520,0.505210,2016
Benin,Sub-Saharan Africa,153,3.484000,0.394990,0.104190,0.210280,0.397470,0.201800,0.066810,2016
Afghanistan,Southern Asia,154,3.360000,0.382270,0.110370,0.173440,0.164300,0.312680,0.071120,2016
Togo,Sub-Saharan Africa,155,3.303000,0.281230,0.000000,0.248110,0.346780,0.175170,0.115870,2016
Syria,Middle East and Northern Africa,156,3.069000,0.747190,0.148660,0.629940,0.069120,0.483970,0.172330,2016
Burundi,Sub-Saharan Africa,157,2.905000,0.068310,0.234420,0.157470,0.043200,0.202900,0.094190,2016
Norway,Western Europe,1,7.537000,1.616463,1.533524,0.796667,0.635423,0.362012,0.315964,2017
Denmark,Western Europe,2,7.522000,1.482383,1.551122,0.792566,0.626007,0.355280,0.400770,2017
Iceland,Western Europe,3,7.504000,1.480633,1.610574,0.833552,0.627163,0.475540,0.153527,2017
Switzerland,Western Europe,4,7.494000,1.564980,1.516912,0.858131,0.620071,0.290549,0.367007,2017
Finland,Western Europe,5,7.469000,1.443572,1.540247,0.809158,0.617951,0.245483,0.382612,2017
Netherlands,Western Europe,6,7.377000,1.503945,1.428939,0.810696,0.585384,0.470490,0.282662,2017
Canada,North America,7,7.316000,1.479204,1.481349,0.834558,0.611101,0.435540,0.287372,2017
New Zealand,Australia and New Zealand,8,7.314000,1.405706,1.548195,0.816760,0.614062,0.500005,0.382817,2017
Sweden,Western Europe,9,7.284000,1.494387,1.478162,0.830875,0.612924,0.385399,0.384399,2017
Australia,Australia and New Zealand,10,7.284000,1.484415,1.510042,0.843887,0.601607,0.477699,0.301184,2017
Israel,Middle East and Northern Africa,11,7.213000,1.375382,1.376290,0.838404,0.405989,0.330083,0.085242,2017
Costa Rica,Latin America and Caribbean,12,7.079000,1.109706,1.416404,0.759509,0.580132,0.214613,0.100107,2017
Austria,Western Europe,13,7.006000,1.487097,1.459945,0.815328,0.567766,0.316472,0.221060,2017
United States,North America,14,6.993000,1.546259,1.419921,0.774287,0.505741,0.392579,0.135639,2017
Ireland,Western Europe,15,6.977000,1.535707,1.558231,0.809783,0.573110,0.427858,0.298388,2017
Germany,Western Europe,16,6.951000,1.487923,1.472520,0.798951,0.562511,0.336269,0.276732,2017
Belgium,Western Europe,17,6.891000,1.463781,1.462313,0.818092,0.539771,0.231503,0.251343,2017
Luxembourg,Western Europe,18,6.863000,1.741944,1.457584,0.845089,0.596628,0.283181,0.318834,2017
United Kingdom,Western Europe,19,6.714000,1.441634,1.496460,0.805336,0.508190,0.492774,0.265428,2017
Chile,Latin America and Caribbean,20,6.652000,1.252785,1.284025,0.819480,0.376895,0.326662,0.082288,2017
United Arab Emirates,Middle East and Northern Africa,21,6.648000,1.626343,1.266410,0.726798,0.608345,0.360942,0.324490,2017
Brazil,Latin America and Caribbean,22,6.635000,1.107353,1.431306,0.616552,0.437454,0.162350,0.111093,2017
Czech Republic,Central and Eastern Europe,23,6.609000,1.352682,1.433885,0.754444,0.490946,0.088107,0.036873,2017
Argentina,Latin America and Caribbean,24,6.599000,1.185295,1.440451,0.695137,0.494519,0.109457,0.059740,2017
Mexico,Latin America and Caribbean,25,6.578000,1.153184,1.210862,0.709979,0.412730,0.120990,0.132774,2017
Singapore,Southeastern Asia,26,6.572000,1.692278,1.353814,0.949492,0.549841,0.345966,0.464308,2017
Malta,Western Europe,27,6.527000,1.343280,1.488412,0.821944,0.588767,0.574731,0.153066,2017
Uruguay,Latin America and Caribbean,28,6.454000,1.217560,1.412228,0.719217,0.579392,0.175097,0.178062,2017
Guatemala,Latin America and Caribbean,29,6.454000,0.872002,1.255585,0.540240,0.531311,0.283488,0.077223,2017
Panama,Latin America and Caribbean,30,6.452000,1.233748,1.373193,0.706156,0.550027,0.210557,0.070984,2017
France,Western Europe,31,6.442000,1.430923,1.387777,0.844466,0.470222,0.129762,0.172502,2017
Thailand,Southeastern Asia,32,6.424000,1.127869,1.425792,0.647239,0.580201,0.572123,0.031613,2017
Taiwan,Other,33,6.422000,1.433627,1.384565,0.793984,0.361467,0.258360,0.063829,2017
Spain,Western Europe,34,6.403000,1.384398,1.532091,0.888961,0.408781,0.190134,0.070914,2017
Qatar,Middle East and Northern Africa,35,6.375000,1.870766,1.274297,0.710098,0.604131,0.330474,0.439299,2017
Colombia,Latin America and Caribbean,36,6.357000,1.070622,1.402183,0.595028,0.477487,0.149014,0.046669,2017
Saudi Arabia,Middle East and Northern Africa,37,6.344000,1.530624,1.286678,0.590148,0.449751,0.147616,0.273432,2017
Trinidad and Tobago,Latin America and Caribbean,38,6.168000,1.361356,1.380229,0.519983,0.518631,0.325296,0.008965,2017
Kuwait,Middle East and Northern Africa,39,6.105000,1.632952,1.259699,0.632106,0.496338,0.228290,0.215160,2017
Slovakia,Central and Eastern Europe,40,6.098000,1.325394,1.505059,0.712733,0.295817,0.136544,0.024211,2017
Bahrain,Middle East and Northern Africa,41,6.087000,1.488412,1.323110,0.653133,0.536747,0.172668,0.257042,2017
Malaysia,Southeastern Asia,42,6.084000,1.291215,1.284646,0.618784,0.402265,0.416609,0.065601,2017
Nicaragua,Latin America and Caribbean,43,6.071000,0.737299,1.287216,0.653096,0.447552,0.301674,0.130688,2017
Ecuador,Latin America and Caribbean,44,6.008000,1.000820,1.286169,0.685636,0.455198,0.150112,0.140135,2017
El Salvador,Latin America and Caribbean,45,6.003000,0.909784,1.182125,0.596019,0.432453,0.078258,0.089981,2017
Poland,Central and Eastern Europe,46,5.973000,1.291788,1.445712,0.699475,0.520342,0.158466,0.059308,2017
Uzbekistan,Central and Eastern Europe,47,5.971000,0.786441,1.548969,0.498273,0.658249,0.415984,0.246528,2017
Italy,Western Europe,48,5.964000,1.395067,1.444923,0.853144,0.256451,0.172790,0.028028,2017
Russia,Central and Eastern Europe,49,5.963000,1.281778,1.469282,0.547349,0.373783,0.052264,0.032963,2017
Belize,Latin America and Caribbean,50,5.956000,0.907975,1.081418,0.450192,0.547509,0.240016,0.096581,2017
Japan,Eastern Asia,51,5.920000,1.416915,1.436338,0.913476,0.505626,0.120573,0.163761,2017
Lithuania,Central and Eastern Europe,52,5.902000,1.314582,1.473516,0.628950,0.234232,0.010165,0.011866,2017
Algeria,Middle East and Northern Africa,53,5.872000,1.091864,1.146217,0.617585,0.233336,0.069437,0.146096,2017
Latvia,Central and Eastern Europe,54,5.850000,1.260749,1.404715,0.638567,0.325708,0.153075,0.073843,2017
South Korea,Eastern Asia,55,5.838000,1.401678,1.128274,0.900214,0.257922,0.206674,0.063283,2017
Moldova,Central and Eastern Europe,56,5.838000,0.728871,1.251826,0.589465,0.240729,0.208779,0.010091,2017
Romania,Central and Eastern Europe,57,5.825000,1.217684,1.150091,0.685158,0.457004,0.133520,0.004388,2017
Bolivia,Latin America and Caribbean,58,5.823000,0.833757,1.227619,0.473630,0.558733,0.225561,0.060478,2017
Turkmenistan,Central and Eastern Europe,59,5.822000,1.130777,1.493149,0.437726,0.418272,0.249925,0.259270,2017
Kazakhstan,Central and Eastern Europe,60,5.819000,1.284556,1.384369,0.606042,0.437454,0.201964,0.119283,2017
North Cyprus,Western Europe,61,5.810000,1.346911,1.186303,0.834647,0.471204,0.266846,0.155353,2017
Slovenia,Central and Eastern Europe,62,5.758000,1.341206,1.452519,0.790828,0.572576,0.242649,0.045129,2017
Peru,Latin America and Caribbean,63,5.715000,1.035225,1.218770,0.630166,0.450003,0.126820,0.047049,2017
Mauritius,Sub-Saharan Africa,64,5.629000,1.189396,1.209561,0.638007,0.491247,0.360934,0.042182,2017
Cyprus,Western Europe,65,5.621000,1.355938,1.131363,0.844715,0.355112,0.271254,0.041238,2017
Estonia,Central and Eastern Europe,66,5.611000,1.320879,1.476671,0.695168,0.479131,0.098891,0.183249,2017
Belarus,Central and Eastern Europe,67,5.569000,1.156558,1.444945,0.637714,0.295400,0.155138,0.156314,2017
Libya,Middle East and Northern Africa,68,5.525000,1.101803,1.357564,0.520169,0.465733,0.152074,0.092610,2017
Turkey,Middle East and Northern Africa,69,5.500000,1.198274,1.337753,0.637606,0.300741,0.046693,0.099672,2017
Paraguay,Latin America and Caribbean,70,5.493000,0.932537,1.507285,0.579251,0.473508,0.224151,0.091066,2017
Hong Kong,Other,71,5.472000,1.551675,1.262791,0.943062,0.490969,0.374466,0.293934,2017
Philippines,Southeastern Asia,72,5.430000,0.857699,1.253918,0.468009,0.585215,0.193513,0.099332,2017
Serbia,Central and Eastern Europe,73,5.395000,1.069318,1.258190,0.650785,0.208716,0.220126,0.040904,2017
Jordan,Middle East and Northern Africa,74,5.336000,0.991012,1.239089,0.604590,0.418421,0.172170,0.119803,2017
Hungary,Central and Eastern Europe,75,5.324000,1.286012,1.343133,0.687763,0.175864,0.078402,0.036637,2017
Jamaica,Latin America and Caribbean,76,5.311000,0.925579,1.368218,0.641022,0.474307,0.233818,0.055268,2017
Croatia,Central and Eastern Europe,77,5.293000,1.222556,0.967983,0.701289,0.255772,0.248003,0.043103,2017
Kosovo,Central and Eastern Europe,78,5.279000,0.951484,1.137854,0.541452,0.260288,0.319931,0.057472,2017
China,Eastern Asia,79,5.273000,1.081166,1.160837,0.741416,0.472788,0.028807,0.022794,2017
Pakistan,Southern Asia,80,5.269000,0.726884,0.672691,0.402048,0.235215,0.315446,0.124348,2017
Indonesia,Southeastern Asia,81,5.262000,0.995539,1.274445,0.492346,0.443323,0.611705,0.015317,2017
Venezuela,Latin America and Caribbean,82,5.250000,1.128431,1.431338,0.617144,0.153997,0.065020,0.064491,2017
Montenegro,Central and Eastern Europe,83,5.237000,1.121129,1.238376,0.667465,0.194989,0.197911,0.088174,2017
Morocco,Middle East and Northern Africa,84,5.235000,0.878115,0.774864,0.597711,0.408158,0.032210,0.087763,2017
Azerbaijan,Central and Eastern Europe,85,5.234000,1.153602,1.152400,0.540776,0.398156,0.045269,0.180988,2017
Dominican Republic,Latin America and Caribbean,86,5.230000,1.079374,1.402417,0.574874,0.552590,0.186968,0.113945,2017
Greece,Western Europe,87,5.227000,1.289487,1.239415,0.810199,0.095731,0.000000,0.043290,2017
Lebanon,Middle East and Northern Africa,88,5.225000,1.074988,1.129624,0.735081,0.288516,0.264451,0.037514,2017
Portugal,Western Europe,89,5.195000,1.315175,1.367043,0.795844,0.498465,0.095103,0.015869,2017
Bosnia and Herzegovina,Central and Eastern Europe,90,5.182000,0.982409,1.069336,0.705186,0.204403,0.328867,0.000000,2017
Honduras,Latin America and Caribbean,91,5.181000,0.730573,1.143945,0.582569,0.348080,0.236189,0.073345,2017
Macedonia,Central and Eastern Europe,92,5.175000,1.064578,1.207893,0.644948,0.325906,0.253761,0.060278,2017
Somalia,Sub-Saharan Africa,93,5.151000,0.022643,0.721151,0.113989,0.602127,0.291631,0.282410,2017
Vietnam,Southeastern Asia,94,5.074000,0.788548,1.277491,0.652169,0.571056,0.234968,0.087633,2017
Nigeria,Sub-Saharan Africa,95,5.074000,0.783756,1.215770,0.056916,0.394953,0.230947,0.026122,2017
Tajikistan,Central and Eastern Europe,96,5.041000,0.524714,1.271463,0.529235,0.471567,0.248998,0.146377,2017
Bhutan,Southern Asia,97,5.011000,0.885416,1.340127,0.495879,0.501538,0.474055,0.173380,2017
Kyrgyzstan,Central and Eastern Europe,98,5.004000,0.596220,1.394239,0.553458,0.454943,0.428580,0.039439,2017
Nepal,Southern Asia,99,4.962000,0.479820,1.179283,0.504131,0.440306,0.394096,0.072976,2017
Mongolia,Eastern Asia,100,4.955000,1.027236,1.493011,0.557783,0.394144,0.338464,0.032902,2017
South Africa,Sub-Saharan Africa,101,4.829000,1.054699,1.384789,0.187080,0.479247,0.139362,0.072509,2017
Tunisia,Middle East and Northern Africa,102,4.805000,1.007266,0.868351,0.613212,0.289681,0.049693,0.086723,2017
Palestinian Territories,Middle East and Northern Africa,103,4.775000,0.716249,1.155647,0.565667,0.254711,0.114173,0.089283,2017
Egypt,Middle East and Northern Africa,104,4.735000,0.989702,0.997471,0.520187,0.282110,0.128631,0.114381,2017
Bulgaria,Central and Eastern Europe,105,4.714000,1.161459,1.434379,0.708218,0.289232,0.113178,0.011052,2017
Sierra Leone,Sub-Saharan Africa,106,4.709000,0.368421,0.984136,0.005565,0.318698,0.293041,0.071095,2017
Cameroon,Sub-Saharan Africa,107,4.695000,0.564305,0.946018,0.132892,0.430389,0.236298,0.051307,2017
Iran,Middle East and Northern Africa,108,4.692000,1.156873,0.711551,0.639333,0.249323,0.387243,0.048761,2017
Albania,Central and Eastern Europe,109,4.644000,0.996193,0.803685,0.731160,0.381499,0.201313,0.039864,2017
Bangladesh,Southern Asia,110,4.608000,0.586683,0.735132,0.533241,0.478357,0.172255,0.123718,2017
Namibia,Sub-Saharan Africa,111,4.574000,0.964434,1.098471,0.338612,0.520304,0.077134,0.093147,2017
Kenya,Sub-Saharan Africa,112,4.553000,0.560479,1.067951,0.309988,0.452764,0.444860,0.064641,2017
Mozambique,Sub-Saharan Africa,113,4.550000,0.234306,0.870701,0.106654,0.480791,0.322228,0.179436,2017
Myanmar,Southeastern Asia,114,4.545000,0.367111,1.123236,0.397523,0.514492,0.838075,0.188816,2017
Senegal,Sub-Saharan Africa,115,4.535000,0.479309,1.179692,0.409363,0.377922,0.183469,0.115460,2017
Zambia,Sub-Saharan Africa,116,4.514000,0.636407,1.003187,0.257836,0.461603,0.249580,0.078214,2017
Iraq,Middle East and Northern Africa,117,4.497000,1.102710,0.978613,0.501180,0.288556,0.199637,0.107216,2017
Gabon,Sub-Saharan Africa,118,4.465000,1.198210,1.155620,0.356579,0.312329,0.043785,0.076047,2017
Ethiopia,Sub-Saharan Africa,119,4.460000,0.339234,0.864669,0.353410,0.408843,0.312651,0.165456,2017
Sri Lanka,Southern Asia,120,4.440000,1.009850,1.259976,0.625131,0.561213,0.490864,0.073654,2017
Armenia,Central and Eastern Europe,121,4.376000,0.900597,1.007484,0.637524,0.198303,0.083488,0.026674,2017
India,Southern Asia,122,4.315000,0.792221,0.754373,0.455428,0.469987,0.231538,0.092227,2017
Mauritania,Sub-Saharan Africa,123,4.292000,0.648457,1.272031,0.285349,0.096098,0.201870,0.136957,2017
Congo (Brazzaville),Sub-Saharan Africa,124,4.291000,0.808964,0.832044,0.289957,0.435026,0.120852,0.079618,2017
Georgia,Central and Eastern Europe,125,4.286000,0.950613,0.570615,0.649547,0.309410,0.054009,0.251667,2017
Congo (Kinshasa),Sub-Saharan Africa,126,4.280000,0.092102,1.229023,0.191407,0.235961,0.246456,0.060241,2017
Mali,Sub-Saharan Africa,127,4.190000,0.476180,1.281473,0.169366,0.306614,0.183354,0.104970,2017
Ivory Coast,Sub-Saharan Africa,128,4.180000,0.603049,0.904780,0.048642,0.447706,0.201237,0.130062,2017
Cambodia,Southeastern Asia,129,4.168000,0.601765,1.006238,0.429783,0.633376,0.385923,0.068106,2017
Sudan,Sub-Saharan Africa,130,4.139000,0.659517,1.214009,0.290921,0.014996,0.182317,0.089848,2017
Ghana,Sub-Saharan Africa,131,4.120000,0.667225,0.873665,0.295638,0.423026,0.256924,0.025336,2017
Ukraine,Central and Eastern Europe,132,4.096000,0.894652,1.394538,0.575904,0.122975,0.270061,0.023029,2017
Uganda,Sub-Saharan Africa,133,4.081000,0.381431,1.129828,0.217633,0.443186,0.325766,0.057070,2017
Burkina Faso,Sub-Saharan Africa,134,4.032000,0.350228,1.043280,0.215844,0.324368,0.250865,0.120328,2017
Niger,Sub-Saharan Africa,135,4.028000,0.161925,0.993025,0.268505,0.363659,0.228674,0.138573,2017
Malawi,Sub-Saharan Africa,136,3.970000,0.233442,0.512569,0.315090,0.466915,0.287170,0.072712,2017
Chad,Sub-Saharan Africa,137,3.936000,0.438013,0.953856,0.041135,0.162342,0.216114,0.053582,2017
Zimbabwe,Sub-Saharan Africa,138,3.875000,0.375847,1.083096,0.196764,0.336384,0.189143,0.095375,2017
Lesotho,Sub-Saharan Africa,139,3.808000,0.521021,1.190095,0.000000,0.390661,0.157497,0.119095,2017
Angola,Sub-Saharan Africa,140,3.795000,0.858428,1.104412,0.049869,0.000000,0.097926,0.069720,2017
Afghanistan,Southern Asia,141,3.794000,0.401477,0.581543,0.180747,0.106180,0.311871,0.061158,2017
Botswana,Sub-Saharan Africa,142,3.766000,1.122094,1.221555,0.341756,0.505196,0.099348,0.098583,2017
Benin,Sub-Saharan Africa,143,3.657000,0.431085,0.435300,0.209930,0.425963,0.207948,0.060929,2017
Madagascar,Sub-Saharan Africa,144,3.644000,0.305809,0.913020,0.375223,0.189197,0.208733,0.067232,2017
Haiti,Latin America and Caribbean,145,3.603000,0.368610,0.640450,0.277321,0.030370,0.489204,0.099872,2017
Yemen,Middle East and Northern Africa,146,3.593000,0.591683,0.935382,0.310081,0.249464,0.104125,0.056767,2017
South Sudan,Sub-Saharan Africa,147,3.591000,0.397249,0.601323,0.163486,0.147062,0.285671,0.116794,2017
Liberia,Sub-Saharan Africa,148,3.533000,0.119042,0.872118,0.229918,0.332881,0.266550,0.038948,2017
Guinea,Sub-Saharan Africa,149,3.507000,0.244550,0.791245,0.194129,0.348588,0.264815,0.110938,2017
Togo,Sub-Saharan Africa,150,3.495000,0.305445,0.431883,0.247106,0.380426,0.196896,0.095665,2017
Rwanda,Sub-Saharan Africa,151,3.471000,0.368746,0.945707,0.326425,0.581844,0.252756,0.455220,2017
Syria,Middle East and Northern Africa,152,3.462000,0.777153,0.396103,0.500533,0.081539,0.493664,0.151347,2017
Tanzania,Sub-Saharan Africa,153,3.349000,0.511136,1.041990,0.364509,0.390018,0.354256,0.066035,2017
Burundi,Sub-Saharan Africa,154,2.905000,0.091623,0.629794,0.151611,0.059901,0.204435,0.084148,2017
Central African Republic,Sub-Saharan Africa,155,2.693000,0.000000,0.000000,0.018773,0.270842,0.280876,0.056565,2017
Finland,Western Europe,1,7.632000,1.305000,1.592000,0.874000,0.681000,0.202000,0.393000,2018
Norway,Western Europe,2,7.594000,1.456000,1.582000,0.861000,0.686000,0.286000,0.340000,2018
Denmark,Western Europe,3,7.555000,1.351000,1.590000,0.868000,0.683000,0.284000,0.408000,2018
Iceland,Western Europe,4,7.495000,1.343000,1.644000,0.914000,0.677000,0.353000,0.138000,2018
Switzerland,Western Europe,5,7.487000,1.420000,1.549000,0.927000,0.660000,0.256000,0.357000,2018
Netherlands,Western Europe,6,7.441000,1.361000,1.488000,0.878000,0.638000,0.333000,0.295000,2018
Canada,North America,7,7.328000,1.330000,1.532000,0.896000,0.653000,0.321000,0.291000,2018
New Zealand,Australia and New Zealand,8,7.324000,1.268000,1.601000,0.876000,0.669000,0.365000,0.389000,2018
Sweden,Western Europe,9,7.314000,1.355000,1.501000,0.913000,0.659000,0.285000,0.383000,2018
Australia,Australia and New Zealand,10,7.272000,1.340000,1.573000,0.910000,0.647000,0.361000,0.302000,2018
United Kingdom,Western Europe,11,7.190000,1.244000,1.433000,0.888000,0.464000,0.262000,0.082000,2018
Austria,Western Europe,12,7.139000,1.341000,1.504000,0.891000,0.617000,0.242000,0.224000,2018
Costa Rica,Latin America and Caribbean,13,7.072000,1.010000,1.459000,0.817000,0.632000,0.143000,0.101000,2018
Ireland,Western Europe,14,6.977000,1.448000,1.583000,0.876000,0.614000,0.307000,0.306000,2018
Germany,Western Europe,15,6.965000,1.340000,1.474000,0.861000,0.586000,0.273000,0.280000,2018
Belgium,Western Europe,16,6.927000,1.324000,1.483000,0.894000,0.583000,0.188000,0.240000,2018
Luxembourg,Western Europe,17,6.910000,1.576000,1.520000,0.896000,0.632000,0.196000,0.321000,2018
United States,North America,18,6.886000,1.398000,1.471000,0.819000,0.547000,0.291000,0.133000,2018
Israel,Middle East and Northern Africa,19,6.814000,1.301000,1.559000,0.883000,0.533000,0.354000,0.272000,2018
United Arab Emirates,Middle East and Northern Africa,20,6.774000,2.096000,0.776000,0.670000,0.284000,0.186000,,2018
Czech Republic,Central and Eastern Europe,21,6.711000,1.233000,1.489000,0.854000,0.543000,0.064000,0.034000,2018
Malta,Western Europe,22,6.627000,1.270000,1.525000,0.884000,0.645000,0.376000,0.142000,2018
France,Western Europe,23,6.489000,1.293000,1.466000,0.908000,0.520000,0.098000,0.176000,2018
Mexico,Latin America and Caribbean,24,6.488000,1.038000,1.252000,0.761000,0.479000,0.069000,0.095000,2018
Chile,Latin America and Caribbean,25,6.476000,1.131000,1.331000,0.808000,0.431000,0.197000,0.061000,2018
Taiwan,Eastern Asia,26,6.441000,1.365000,1.436000,0.857000,0.418000,0.151000,0.078000,2018
Panama,Latin America and Caribbean,27,6.430000,1.112000,1.438000,0.759000,0.597000,0.125000,0.063000,2018
Brazil,Latin America and Caribbean,28,6.419000,0.986000,1.474000,0.675000,0.493000,0.110000,0.088000,2018
Argentina,Latin America and Caribbean,29,6.388000,1.073000,1.468000,0.744000,0.570000,0.062000,0.054000,2018
Guatemala,Latin America and Caribbean,30,6.382000,0.781000,1.268000,0.608000,0.604000,0.179000,0.071000,2018
Uruguay,Latin America and Caribbean,31,6.379000,1.093000,1.459000,0.771000,0.625000,0.130000,0.155000,2018
Qatar,Middle East and Northern Africa,32,6.374000,1.649000,1.303000,0.748000,0.654000,0.256000,0.171000,2018
Saudi Arabia,Middle East and Northern Africa,33,6.371000,1.379000,1.331000,0.633000,0.509000,0.098000,0.127000,2018
Singapore,Southeastern Asia,34,6.343000,1.529000,1.451000,1.008000,0.631000,0.261000,0.457000,2018
Malaysia,Southeastern Asia,35,6.322000,1.161000,1.258000,0.669000,0.356000,0.311000,0.059000,2018
Spain,Western Europe,36,6.310000,1.251000,1.538000,0.965000,0.449000,0.142000,0.074000,2018
Colombia,Latin America and Caribbean,37,6.260000,0.960000,1.439000,0.635000,0.531000,0.099000,0.039000,2018
Trinidad and Tobago,Other,38,6.192000,1.223000,1.492000,0.564000,0.575000,0.171000,0.019000,2018
Slovakia,Central and Eastern Europe,39,6.173000,1.210000,1.537000,0.776000,0.354000,0.118000,0.014000,2018
El Salvador,Latin America and Caribbean,40,6.167000,0.806000,1.231000,0.639000,0.461000,0.065000,0.082000,2018
Nicaragua,Latin America and Caribbean,41,6.141000,0.668000,1.319000,0.700000,0.527000,0.208000,0.128000,2018
Poland,Central and Eastern Europe,42,6.123000,1.176000,1.448000,0.781000,0.546000,0.108000,0.064000,2018
Bahrain,Middle East and Northern Africa,43,6.105000,1.338000,1.366000,0.698000,0.594000,0.243000,0.123000,2018
Uzbekistan,Central and Eastern Europe,44,6.096000,0.719000,1.584000,0.605000,0.724000,0.328000,0.259000,2018
Kuwait,Middle East and Northern Africa,45,6.083000,1.474000,1.301000,0.675000,0.554000,0.167000,0.106000,2018
Thailand,Southeastern Asia,46,6.072000,1.016000,1.417000,0.707000,0.637000,0.364000,0.029000,2018
Italy,Western Europe,47,6.000000,1.264000,1.501000,0.946000,0.281000,0.137000,0.028000,2018
Ecuador,Latin America and Caribbean,48,5.973000,0.889000,1.330000,0.736000,0.556000,0.114000,0.120000,2018
Belize,Latin America and Caribbean,49,5.956000,0.807000,1.101000,0.474000,0.593000,0.183000,0.089000,2018
Lithuania,Central and Eastern Europe,50,5.952000,1.197000,1.527000,0.716000,0.350000,0.026000,0.006000,2018
Slovenia,Central and Eastern Europe,51,5.948000,1.219000,1.506000,0.856000,0.633000,0.160000,0.051000,2018
Romania,Central and Eastern Europe,52,5.945000,1.116000,1.219000,0.726000,0.528000,0.088000,0.001000,2018
Latvia,Central and Eastern Europe,53,5.933000,1.148000,1.454000,0.671000,0.363000,0.092000,0.066000,2018
Japan,Eastern Asia,54,5.915000,1.294000,1.462000,0.988000,0.553000,0.079000,0.150000,2018
Mauritius,Sub-Saharan Africa,55,5.891000,1.090000,1.387000,0.684000,0.584000,0.245000,0.050000,2018
Jamaica,Latin America and Caribbean,56,5.890000,0.819000,1.493000,0.693000,0.575000,0.096000,0.031000,2018
South Korea,Eastern Asia,57,5.875000,1.266000,1.204000,0.955000,0.244000,0.175000,0.051000,2018
Northern Cyprus,Other,58,5.835000,1.229000,1.211000,0.909000,0.495000,0.179000,0.154000,2018
Russia,Central and Eastern Europe,59,5.810000,1.151000,1.479000,0.599000,0.399000,0.065000,0.025000,2018
Kazakhstan,Central and Eastern Europe,60,5.790000,1.143000,1.516000,0.631000,0.454000,0.148000,0.121000,2018
Cyprus,Western Europe,61,5.762000,1.229000,1.191000,0.909000,0.423000,0.202000,0.035000,2018
Bolivia,Latin America and Caribbean,62,5.752000,0.751000,1.223000,0.508000,0.606000,0.141000,0.054000,2018
Estonia,Central and Eastern Europe,63,5.739000,1.200000,1.532000,0.737000,0.553000,0.086000,0.174000,2018
Paraguay,Latin America and Caribbean,64,5.681000,0.835000,1.522000,0.615000,0.541000,0.162000,0.074000,2018
Peru,Latin America and Caribbean,65,5.663000,0.934000,1.249000,0.674000,0.530000,0.092000,0.034000,2018
Kosovo,Central and Eastern Europe,66,5.662000,0.855000,1.230000,0.578000,0.448000,0.274000,0.023000,2018
Moldova,Central and Eastern Europe,67,5.640000,0.657000,1.301000,0.620000,0.232000,0.171000,0.000000,2018
Turkmenistan,Central and Eastern Europe,68,5.636000,1.016000,1.533000,0.517000,0.417000,0.199000,0.037000,2018
Hungary,Central and Eastern Europe,69,5.620000,1.171000,1.401000,0.732000,0.259000,0.061000,0.022000,2018
Libya,Middle East and Northern Africa,70,5.566000,0.985000,1.350000,0.553000,0.496000,0.116000,0.148000,2018
Philippines,Southeastern Asia,71,5.524000,0.775000,1.312000,0.513000,0.643000,0.120000,0.105000,2018
Honduras,Latin America and Caribbean,72,5.504000,0.620000,1.205000,0.622000,0.459000,0.197000,0.074000,2018
Belarus,Central and Eastern Europe,73,5.483000,1.039000,1.498000,0.700000,0.307000,0.101000,0.154000,2018
Turkey,Middle East and Northern Africa,74,5.483000,1.148000,1.380000,0.686000,0.324000,0.106000,0.109000,2018
Pakistan,Southern Asia,75,5.472000,0.652000,0.810000,0.424000,0.334000,0.216000,0.113000,2018
Hong Kong,Eastern Asia,76,5.430000,1.405000,1.290000,1.030000,0.524000,0.246000,0.291000,2018
Portugal,Western Europe,77,5.410000,1.188000,1.429000,0.884000,0.562000,0.055000,0.017000,2018
Serbia,Central and Eastern Europe,78,5.398000,0.975000,1.369000,0.685000,0.288000,0.134000,0.043000,2018
Greece,Western Europe,79,5.358000,1.154000,1.202000,0.879000,0.131000,0.000000,0.044000,2018
Lebanon,Middle East and Northern Africa,80,5.358000,0.965000,1.179000,0.785000,0.503000,0.214000,0.136000,2018
Montenegro,Central and Eastern Europe,81,5.347000,1.017000,1.279000,0.729000,0.259000,0.111000,0.081000,2018
Croatia,Central and Eastern Europe,82,5.321000,1.115000,1.161000,0.737000,0.380000,0.120000,0.039000,2018
Dominican Republic,Latin America and Caribbean,83,5.302000,0.982000,1.441000,0.614000,0.578000,0.120000,0.106000,2018
Algeria,Middle East and Northern Africa,84,5.295000,0.979000,1.154000,0.687000,0.077000,0.055000,0.135000,2018
Morocco,Middle East and Northern Africa,85,5.254000,0.779000,0.797000,0.669000,0.460000,0.026000,0.074000,2018
China,Eastern Asia,86,5.246000,0.989000,1.142000,0.799000,0.597000,0.029000,0.103000,2018
Azerbaijan,Central and Eastern Europe,87,5.201000,1.024000,1.161000,0.603000,0.430000,0.031000,0.176000,2018
Tajikistan,Central and Eastern Europe,88,5.199000,0.474000,1.166000,0.598000,0.292000,0.187000,0.034000,2018
Macedonia,Central and Eastern Europe,89,5.185000,0.959000,1.239000,0.691000,0.394000,0.173000,0.052000,2018
Jordan,Middle East and Northern Africa,90,5.161000,0.822000,1.265000,0.645000,0.468000,0.130000,0.134000,2018
Nigeria,Sub-Saharan Africa,91,5.155000,0.689000,1.172000,0.048000,0.462000,0.201000,0.032000,2018
Kyrgyzstan,Central and Eastern Europe,92,5.131000,0.530000,1.416000,0.594000,0.540000,0.281000,0.035000,2018
Bosnia and Herzegovina,Central and Eastern Europe,93,5.129000,0.915000,1.078000,0.758000,0.280000,0.216000,0.000000,2018
Mongolia,Eastern Asia,94,5.125000,0.914000,1.517000,0.575000,0.395000,0.253000,0.032000,2018
Vietnam,Southeastern Asia,95,5.103000,0.715000,1.365000,0.702000,0.618000,0.177000,0.079000,2018
Indonesia,Southeastern Asia,96,5.093000,0.899000,1.215000,0.522000,0.538000,0.484000,0.018000,2018
Bhutan,Southern Asia,97,5.082000,0.796000,1.335000,0.527000,0.541000,0.364000,0.171000,2018
Somalia,Sub-Saharan Africa,98,4.982000,0.000000,0.712000,0.115000,0.674000,0.238000,0.282000,2018
Cameroon,Sub-Saharan Africa,99,4.975000,0.535000,0.891000,0.182000,0.454000,0.183000,0.043000,2018
Bulgaria,Central and Eastern Europe,100,4.933000,1.054000,1.515000,0.712000,0.359000,0.064000,0.009000,2018
Nepal,Southern Asia,101,4.880000,0.425000,1.228000,0.539000,0.526000,0.302000,0.078000,2018
Venezuela,Latin America and Caribbean,102,4.806000,0.996000,1.469000,0.657000,0.133000,0.056000,0.052000,2018
Gabon,Sub-Saharan Africa,103,4.758000,1.036000,1.164000,0.404000,0.356000,0.032000,0.052000,2018
Palestinian Territories,Middle East and Northern Africa,104,4.743000,0.642000,1.217000,0.602000,0.266000,0.086000,0.076000,2018
South Africa,Sub-Saharan Africa,105,4.724000,0.940000,1.410000,0.330000,0.516000,0.103000,0.056000,2018
Iran,Middle East and Northern Africa,106,4.707000,1.059000,0.771000,0.691000,0.459000,0.282000,0.129000,2018
Ivory Coast,Sub-Saharan Africa,107,4.671000,0.541000,0.872000,0.080000,0.467000,0.146000,0.103000,2018
Ghana,Sub-Saharan Africa,108,4.657000,0.592000,0.896000,0.337000,0.499000,0.212000,0.029000,2018
Senegal,Sub-Saharan Africa,109,4.631000,0.429000,1.117000,0.433000,0.406000,0.138000,0.082000,2018
Laos,Southeastern Asia,110,4.623000,0.720000,1.034000,0.441000,0.626000,0.230000,0.174000,2018
Tunisia,Middle East and Northern Africa,111,4.592000,0.900000,0.906000,0.690000,0.271000,0.040000,0.063000,2018
Albania,Central and Eastern Europe,112,4.586000,0.916000,0.817000,0.790000,0.419000,0.149000,0.032000,2018
Sierra Leone,Sub-Saharan Africa,113,4.571000,0.256000,0.813000,0.000000,0.355000,0.238000,0.053000,2018
Congo (Brazzaville),Sub-Saharan Africa,114,4.559000,0.682000,0.811000,0.343000,0.514000,0.091000,0.077000,2018
Bangladesh,Southern Asia,115,4.500000,0.532000,0.850000,0.579000,0.580000,0.153000,0.144000,2018
Sri Lanka,Southern Asia,116,4.471000,0.918000,1.314000,0.672000,0.585000,0.307000,0.050000,2018
Iraq,Middle East and Northern Africa,117,4.456000,1.010000,0.971000,0.536000,0.304000,0.148000,0.095000,2018
Mali,Sub-Saharan Africa,118,4.447000,0.370000,1.233000,0.152000,0.367000,0.139000,0.056000,2018
Namibia,Sub-Saharan Africa,119,4.441000,0.874000,1.281000,0.365000,0.519000,0.051000,0.064000,2018
Cambodia,Southeastern Asia,120,4.433000,0.549000,1.088000,0.457000,0.696000,0.256000,0.065000,2018
Burkina Faso,Sub-Saharan Africa,121,4.424000,0.314000,1.097000,0.254000,0.312000,0.175000,0.128000,2018
Egypt,Middle East and Northern Africa,122,4.419000,0.885000,1.025000,0.553000,0.312000,0.092000,0.107000,2018
Mozambique,Sub-Saharan Africa,123,4.417000,0.198000,0.902000,0.173000,0.531000,0.206000,0.158000,2018
Kenya,Sub-Saharan Africa,124,4.410000,0.493000,1.048000,0.454000,0.504000,0.352000,0.055000,2018
Zambia,Sub-Saharan Africa,125,4.377000,0.562000,1.047000,0.295000,0.503000,0.221000,0.082000,2018
Mauritania,Sub-Saharan Africa,126,4.356000,0.557000,1.245000,0.292000,0.129000,0.134000,0.093000,2018
Ethiopia,Sub-Saharan Africa,127,4.350000,0.308000,0.950000,0.391000,0.452000,0.220000,0.146000,2018
Georgia,Central and Eastern Europe,128,4.340000,0.853000,0.592000,0.643000,0.375000,0.038000,0.215000,2018
Armenia,Central and Eastern Europe,129,4.321000,0.816000,0.990000,0.666000,0.260000,0.077000,0.028000,2018
Myanmar,Southeastern Asia,130,4.308000,0.682000,1.174000,0.429000,0.580000,0.598000,0.178000,2018
Chad,Sub-Saharan Africa,131,4.301000,0.358000,0.907000,0.053000,0.189000,0.181000,0.060000,2018
Congo (Kinshasa),Sub-Saharan Africa,132,4.245000,0.069000,1.136000,0.204000,0.312000,0.197000,0.052000,2018
India,Southern Asia,133,4.190000,0.721000,0.747000,0.485000,0.539000,0.172000,0.093000,2018
Niger,Sub-Saharan Africa,134,4.166000,0.131000,0.867000,0.221000,0.390000,0.175000,0.099000,2018
Uganda,Sub-Saharan Africa,135,4.161000,0.322000,1.090000,0.237000,0.450000,0.259000,0.061000,2018
Benin,Sub-Saharan Africa,136,4.141000,0.378000,0.372000,0.240000,0.440000,0.163000,0.067000,2018
Sudan,Sub-Saharan Africa,137,4.139000,0.605000,1.240000,0.312000,0.016000,0.134000,0.082000,2018
Ukraine,Central and Eastern Europe,138,4.103000,0.793000,1.413000,0.609000,0.163000,0.187000,0.011000,2018
Togo,Sub-Saharan Africa,139,3.999000,0.259000,0.474000,0.253000,0.434000,0.158000,0.101000,2018
Guinea,Sub-Saharan Africa,140,3.964000,0.344000,0.792000,0.211000,0.394000,0.185000,0.094000,2018
Lesotho,Sub-Saharan Africa,141,3.808000,0.472000,1.215000,0.079000,0.423000,0.116000,0.112000,2018
Angola,Sub-Saharan Africa,142,3.795000,0.730000,1.125000,0.269000,0.000000,0.079000,0.061000,2018
Madagascar,Sub-Saharan Africa,143,3.774000,0.262000,0.908000,0.402000,0.221000,0.155000,0.049000,2018
Zimbabwe,Sub-Saharan Africa,144,3.692000,0.357000,1.094000,0.248000,0.406000,0.132000,0.099000,2018
Afghanistan,Southern Asia,145,3.632000,0.332000,0.537000,0.255000,0.085000,0.191000,0.036000,2018
Botswana,Sub-Saharan Africa,146,3.590000,1.017000,1.174000,0.417000,0.557000,0.042000,0.092000,2018
Malawi,Sub-Saharan Africa,147,3.587000,0.186000,0.541000,0.306000,0.531000,0.210000,0.080000,2018
Haiti,Latin America and Caribbean,148,3.582000,0.315000,0.714000,0.289000,0.025000,0.392000,0.104000,2018
Liberia,Sub-Saharan Africa,149,3.495000,0.076000,0.858000,0.267000,0.419000,0.206000,0.030000,2018
Syria,Middle East and Northern Africa,150,3.462000,0.689000,0.382000,0.539000,0.088000,0.376000,0.144000,2018
Rwanda,Sub-Saharan Africa,151,3.408000,0.332000,0.896000,0.400000,0.636000,0.200000,0.444000,2018
Yemen,Middle East and Northern Africa,152,3.355000,0.442000,1.073000,0.343000,0.244000,0.083000,0.064000,2018
Tanzania,Sub-Saharan Africa,153,3.303000,0.455000,0.991000,0.381000,0.481000,0.270000,0.097000,2018
South Sudan,Sub-Saharan Africa,154,3.254000,0.337000,0.608000,0.177000,0.112000,0.224000,0.106000,2018
Central African Republic,Sub-Saharan Africa,155,3.083000,0.024000,0.000000,0.010000,0.305000,0.218000,0.038000,2018
Burundi,Sub-Saharan Africa,156,2.905000,0.091000,0.627000,0.145000,0.065000,0.149000,0.076000,2018
Finland,Western Europe,1,7.769000,1.340000,1.587000,0.986000,0.596000,0.153000,0.393000,2019
Denmark,Western Europe,2,7.600000,1.383000,1.573000,0.996000,0.592000,0.252000,0.410000,2019
Norway,Western Europe,3,7.554000,1.488000,1.582000,1.028000,0.603000,0.271000,0.341000,2019
Iceland,Western Europe,4,7.494000,1.380000,1.624000,1.026000,0.591000,0.354000,0.118000,2019
Netherlands,Western Europe,5,7.488000,1.396000,1.522000,0.999000,0.557000,0.322000,0.298000,2019
Switzerland,Western Europe,6,7.480000,1.452000,1.526000,1.052000,0.572000,0.263000,0.343000,2019
Sweden,Western Europe,7,7.343000,1.387000,1.487000,1.009000,0.574000,0.267000,0.373000,2019
New Zealand,Australia and New Zealand,8,7.307000,1.303000,1.557000,1.026000,0.585000,0.330000,0.380000,2019
Canada,North America,9,7.278000,1.365000,1.505000,1.039000,0.584000,0.285000,0.308000,2019
Austria,Western Europe,10,7.246000,1.376000,1.475000,1.016000,0.532000,0.244000,0.226000,2019
Australia,Australia and New Zealand,11,7.228000,1.372000,1.548000,1.036000,0.557000,0.332000,0.290000,2019
Costa Rica,Latin America and Caribbean,12,7.167000,1.034000,1.441000,0.963000,0.558000,0.144000,0.093000,2019
Israel,Middle East and Northern Africa,13,7.139000,1.276000,1.455000,1.029000,0.371000,0.261000,0.082000,2019
Luxembourg,Western Europe,14,7.090000,1.609000,1.479000,1.012000,0.526000,0.194000,0.316000,2019
United Kingdom,Western Europe,15,7.054000,1.333000,1.538000,0.996000,0.450000,0.348000,0.278000,2019
Ireland,Western Europe,16,7.021000,1.499000,1.553000,0.999000,0.516000,0.298000,0.310000,2019
Germany,Western Europe,17,6.985000,1.373000,1.454000,0.987000,0.495000,0.261000,0.265000,2019
Belgium,Western Europe,18,6.923000,1.356000,1.504000,0.986000,0.473000,0.160000,0.210000,2019
United States,North America,19,6.892000,1.433000,1.457000,0.874000,0.454000,0.280000,0.128000,2019
Czech Republic,Central and Eastern Europe,20,6.852000,1.269000,1.487000,0.920000,0.457000,0.046000,0.036000,2019
United Arab Emirates,Middle East and Northern Africa,21,6.825000,1.503000,1.310000,0.825000,0.598000,0.262000,0.182000,2019
Malta,Western Europe,22,6.726000,1.300000,1.520000,0.999000,0.564000,0.375000,0.151000,2019
Mexico,Latin America and Caribbean,23,6.595000,1.070000,1.323000,0.861000,0.433000,0.074000,0.073000,2019
France,Western Europe,24,6.592000,1.324000,1.472000,1.045000,0.436000,0.111000,0.183000,2019
Taiwan,Eastern Asia,25,6.446000,1.368000,1.430000,0.914000,0.351000,0.242000,0.097000,2019
Chile,Latin America and Caribbean,26,6.444000,1.159000,1.369000,0.920000,0.357000,0.187000,0.056000,2019
Guatemala,Latin America and Caribbean,27,6.436000,0.800000,1.269000,0.746000,0.535000,0.175000,0.078000,2019
Saudi Arabia,Middle East and Northern Africa,28,6.375000,1.403000,1.357000,0.795000,0.439000,0.080000,0.132000,2019
Qatar,Middle East and Northern Africa,29,6.374000,1.684000,1.313000,0.871000,0.555000,0.220000,0.167000,2019
Spain,Western Europe,30,6.354000,1.286000,1.484000,1.062000,0.362000,0.153000,0.079000,2019
Panama,Latin America and Caribbean,31,6.321000,1.149000,1.442000,0.910000,0.516000,0.109000,0.054000,2019
Brazil,Latin America and Caribbean,32,6.300000,1.004000,1.439000,0.802000,0.390000,0.099000,0.086000,2019
Uruguay,Latin America and Caribbean,33,6.293000,1.124000,1.465000,0.891000,0.523000,0.127000,0.150000,2019
Singapore,Southeastern Asia,34,6.262000,1.572000,1.463000,1.141000,0.556000,0.271000,0.453000,2019
El Salvador,Latin America and Caribbean,35,6.253000,0.794000,1.242000,0.789000,0.430000,0.093000,0.074000,2019
Italy,Western Europe,36,6.223000,1.294000,1.488000,1.039000,0.231000,0.158000,0.030000,2019
Bahrain,Middle East and Northern Africa,37,6.199000,1.362000,1.368000,0.871000,0.536000,0.255000,0.110000,2019
Slovakia,Central and Eastern Europe,38,6.198000,1.246000,1.504000,0.881000,0.334000,0.121000,0.014000,2019
Trinidad and Tobago,Other,39,6.192000,1.231000,1.477000,0.713000,0.489000,0.185000,0.016000,2019
Poland,Central and Eastern Europe,40,6.182000,1.206000,1.438000,0.884000,0.483000,0.117000,0.050000,2019
Uzbekistan,Central and Eastern Europe,41,6.174000,0.745000,1.529000,0.756000,0.631000,0.322000,0.240000,2019
Lithuania,Central and Eastern Europe,42,6.149000,1.238000,1.515000,0.818000,0.291000,0.043000,0.042000,2019
Colombia,Latin America and Caribbean,43,6.125000,0.985000,1.410000,0.841000,0.470000,0.099000,0.034000,2019
Slovenia,Central and Eastern Europe,44,6.118000,1.258000,1.523000,0.953000,0.564000,0.144000,0.057000,2019
Nicaragua,Latin America and Caribbean,45,6.105000,0.694000,1.325000,0.835000,0.435000,0.200000,0.127000,2019
Kosovo,Central and Eastern Europe,46,6.100000,0.882000,1.232000,0.758000,0.489000,0.262000,0.006000,2019
Argentina,Latin America and Caribbean,47,6.086000,1.092000,1.432000,0.881000,0.471000,0.066000,0.050000,2019
Romania,Central and Eastern Europe,48,6.070000,1.162000,1.232000,0.825000,0.462000,0.083000,0.005000,2019
Cyprus,Western Europe,49,6.046000,1.263000,1.223000,1.042000,0.406000,0.190000,0.041000,2019
Ecuador,Latin America and Caribbean,50,6.028000,0.912000,1.312000,0.868000,0.498000,0.126000,0.087000,2019
Kuwait,Middle East and Northern Africa,51,6.021000,1.500000,1.319000,0.808000,0.493000,0.142000,0.097000,2019
Thailand,Southeastern Asia,52,6.008000,1.050000,1.409000,0.828000,0.557000,0.359000,0.028000,2019
Latvia,Central and Eastern Europe,53,5.940000,1.187000,1.465000,0.812000,0.264000,0.075000,0.064000,2019
South Korea,Eastern Asia,54,5.895000,1.301000,1.219000,1.036000,0.159000,0.175000,0.056000,2019
Estonia,Central and Eastern Europe,55,5.893000,1.237000,1.528000,0.874000,0.495000,0.103000,0.161000,2019
Jamaica,Latin America and Caribbean,56,5.890000,0.831000,1.478000,0.831000,0.490000,0.107000,0.028000,2019
Mauritius,Sub-Saharan Africa,57,5.888000,1.120000,1.402000,0.798000,0.498000,0.215000,0.060000,2019
Japan,Eastern Asia,58,5.886000,1.327000,1.419000,1.088000,0.445000,0.069000,0.140000,2019
Honduras,Latin America and Caribbean,59,5.860000,0.642000,1.236000,0.828000,0.507000,0.246000,0.078000,2019
Kazakhstan,Central and Eastern Europe,60,5.809000,1.173000,1.508000,0.729000,0.410000,0.146000,0.096000,2019
Bolivia,Latin America and Caribbean,61,5.779000,0.776000,1.209000,0.706000,0.511000,0.137000,0.064000,2019
Hungary,Central and Eastern Europe,62,5.758000,1.201000,1.410000,0.828000,0.199000,0.081000,0.020000,2019
Paraguay,Latin America and Caribbean,63,5.743000,0.855000,1.475000,0.777000,0.514000,0.184000,0.080000,2019
Northern Cyprus,Other,64,5.718000,1.263000,1.252000,1.042000,0.417000,0.191000,0.162000,2019
Peru,Latin America and Caribbean,65,5.697000,0.960000,1.274000,0.854000,0.455000,0.083000,0.027000,2019
Portugal,Western Europe,66,5.693000,1.221000,1.431000,0.999000,0.508000,0.047000,0.025000,2019
Pakistan,Southern Asia,67,5.653000,0.677000,0.886000,0.535000,0.313000,0.220000,0.098000,2019
Russia,Central and Eastern Europe,68,5.648000,1.183000,1.452000,0.726000,0.334000,0.082000,0.031000,2019
Philippines,Southeastern Asia,69,5.631000,0.807000,1.293000,0.657000,0.558000,0.117000,0.107000,2019
Serbia,Central and Eastern Europe,70,5.603000,1.004000,1.383000,0.854000,0.282000,0.137000,0.039000,2019
Moldova,Central and Eastern Europe,71,5.529000,0.685000,1.328000,0.739000,0.245000,0.181000,0.000000,2019
Libya,Middle East and Northern Africa,72,5.525000,1.044000,1.303000,0.673000,0.416000,0.133000,0.152000,2019
Montenegro,Central and Eastern Europe,73,5.523000,1.051000,1.361000,0.871000,0.197000,0.142000,0.080000,2019
Tajikistan,Central and Eastern Europe,74,5.467000,0.493000,1.098000,0.718000,0.389000,0.230000,0.144000,2019
Croatia,Central and Eastern Europe,75,5.432000,1.155000,1.266000,0.914000,0.296000,0.119000,0.022000,2019
Hong Kong,Eastern Asia,76,5.430000,1.438000,1.277000,1.122000,0.440000,0.258000,0.287000,2019
Dominican Republic,Latin America and Caribbean,77,5.425000,1.015000,1.401000,0.779000,0.497000,0.113000,0.101000,2019
Bosnia and Herzegovina,Central and Eastern Europe,78,5.386000,0.945000,1.212000,0.845000,0.212000,0.263000,0.006000,2019
Turkey,Middle East and Northern Africa,79,5.373000,1.183000,1.360000,0.808000,0.195000,0.083000,0.106000,2019
Malaysia,Southeastern Asia,80,5.339000,1.221000,1.171000,0.828000,0.508000,0.260000,0.024000,2019
Belarus,Central and Eastern Europe,81,5.323000,1.067000,1.465000,0.789000,0.235000,0.094000,0.142000,2019
Greece,Western Europe,82,5.287000,1.181000,1.156000,0.999000,0.067000,0.000000,0.034000,2019
Mongolia,Eastern Asia,83,5.285000,0.948000,1.531000,0.667000,0.317000,0.235000,0.038000,2019
North Macedonia,Other,84,5.274000,0.983000,1.294000,0.838000,0.345000,0.185000,0.034000,2019
Nigeria,Sub-Saharan Africa,85,5.265000,0.696000,1.111000,0.245000,0.426000,0.215000,0.041000,2019
Kyrgyzstan,Central and Eastern Europe,86,5.261000,0.551000,1.438000,0.723000,0.508000,0.300000,0.023000,2019
Turkmenistan,Central and Eastern Europe,87,5.247000,1.052000,1.538000,0.657000,0.394000,0.244000,0.028000,2019
Algeria,Middle East and Northern Africa,88,5.211000,1.002000,1.160000,0.785000,0.086000,0.073000,0.114000,2019
Morocco,Middle East and Northern Africa,89,5.208000,0.801000,0.782000,0.782000,0.418000,0.036000,0.076000,2019
Azerbaijan,Central and Eastern Europe,90,5.208000,1.043000,1.147000,0.769000,0.351000,0.035000,0.182000,2019
Lebanon,Middle East and Northern Africa,91,5.197000,0.987000,1.224000,0.815000,0.216000,0.166000,0.027000,2019
Indonesia,Southeastern Asia,92,5.192000,0.931000,1.203000,0.660000,0.491000,0.498000,0.028000,2019
China,Eastern Asia,93,5.191000,1.029000,1.125000,0.893000,0.521000,0.058000,0.100000,2019
Vietnam,Southeastern Asia,94,5.175000,0.741000,1.346000,0.851000,0.543000,0.147000,0.073000,2019
Bhutan,Southern Asia,95,5.082000,0.813000,1.321000,0.604000,0.457000,0.370000,0.167000,2019
Cameroon,Sub-Saharan Africa,96,5.044000,0.549000,0.910000,0.331000,0.381000,0.187000,0.037000,2019
Bulgaria,Central and Eastern Europe,97,5.011000,1.092000,1.513000,0.815000,0.311000,0.081000,0.004000,2019
Ghana,Sub-Saharan Africa,98,4.996000,0.611000,0.868000,0.486000,0.381000,0.245000,0.040000,2019
Ivory Coast,Sub-Saharan Africa,99,4.944000,0.569000,0.808000,0.232000,0.352000,0.154000,0.090000,2019
Nepal,Southern Asia,100,4.913000,0.446000,1.226000,0.677000,0.439000,0.285000,0.089000,2019
Jordan,Middle East and Northern Africa,101,4.906000,0.837000,1.225000,0.815000,0.383000,0.110000,0.130000,2019
Benin,Sub-Saharan Africa,102,4.883000,0.393000,0.437000,0.397000,0.349000,0.175000,0.082000,2019
Congo (Brazzaville),Sub-Saharan Africa,103,4.812000,0.673000,0.799000,0.508000,0.372000,0.105000,0.093000,2019
Gabon,Sub-Saharan Africa,104,4.799000,1.057000,1.183000,0.571000,0.295000,0.043000,0.055000,2019
Laos,Southeastern Asia,105,4.796000,0.764000,1.030000,0.551000,0.547000,0.266000,0.164000,2019
South Africa,Sub-Saharan Africa,106,4.722000,0.960000,1.351000,0.469000,0.389000,0.130000,0.055000,2019
Albania,Central and Eastern Europe,107,4.719000,0.947000,0.848000,0.874000,0.383000,0.178000,0.027000,2019
Venezuela,Latin America and Caribbean,108,4.707000,0.960000,1.427000,0.805000,0.154000,0.064000,0.047000,2019
Cambodia,Southeastern Asia,109,4.700000,0.574000,1.122000,0.637000,0.609000,0.232000,0.062000,2019
Palestinian Territories,Middle East and Northern Africa,110,4.696000,0.657000,1.247000,0.672000,0.225000,0.103000,0.066000,2019
Senegal,Sub-Saharan Africa,111,4.681000,0.450000,1.134000,0.571000,0.292000,0.153000,0.072000,2019
Somalia,Sub-Saharan Africa,112,4.668000,0.000000,0.698000,0.268000,0.559000,0.243000,0.270000,2019
Namibia,Sub-Saharan Africa,113,4.639000,0.879000,1.313000,0.477000,0.401000,0.070000,0.056000,2019
Niger,Sub-Saharan Africa,114,4.628000,0.138000,0.774000,0.366000,0.318000,0.188000,0.102000,2019
Burkina Faso,Sub-Saharan Africa,115,4.587000,0.331000,1.056000,0.380000,0.255000,0.177000,0.113000,2019
Armenia,Central and Eastern Europe,116,4.559000,0.850000,1.055000,0.815000,0.283000,0.095000,0.064000,2019
Iran,Middle East and Northern Africa,117,4.548000,1.100000,0.842000,0.785000,0.305000,0.270000,0.125000,2019
Guinea,Sub-Saharan Africa,118,4.534000,0.380000,0.829000,0.375000,0.332000,0.207000,0.086000,2019
Georgia,Central and Eastern Europe,119,4.519000,0.886000,0.666000,0.752000,0.346000,0.043000,0.164000,2019
Gambia,Other,120,4.516000,0.308000,0.939000,0.428000,0.382000,0.269000,0.167000,2019
Kenya,Sub-Saharan Africa,121,4.509000,0.512000,0.983000,0.581000,0.431000,0.372000,0.053000,2019
Mauritania,Sub-Saharan Africa,122,4.490000,0.570000,1.167000,0.489000,0.066000,0.106000,0.088000,2019
Mozambique,Sub-Saharan Africa,123,4.466000,0.204000,0.986000,0.390000,0.494000,0.197000,0.138000,2019
Tunisia,Middle East and Northern Africa,124,4.461000,0.921000,1.000000,0.815000,0.167000,0.059000,0.055000,2019
Bangladesh,Southern Asia,125,4.456000,0.562000,0.928000,0.723000,0.527000,0.166000,0.143000,2019
Iraq,Middle East and Northern Africa,126,4.437000,1.043000,0.980000,0.574000,0.241000,0.148000,0.089000,2019
Congo (Kinshasa),Sub-Saharan Africa,127,4.418000,0.094000,1.125000,0.357000,0.269000,0.212000,0.053000,2019
Mali,Sub-Saharan Africa,128,4.390000,0.385000,1.105000,0.308000,0.327000,0.153000,0.052000,2019
Sierra Leone,Sub-Saharan Africa,129,4.374000,0.268000,0.841000,0.242000,0.309000,0.252000,0.045000,2019
Sri Lanka,Southern Asia,130,4.366000,0.949000,1.265000,0.831000,0.470000,0.244000,0.047000,2019
Myanmar,Southeastern Asia,131,4.360000,0.710000,1.181000,0.555000,0.525000,0.566000,0.172000,2019
Chad,Sub-Saharan Africa,132,4.350000,0.350000,0.766000,0.192000,0.174000,0.198000,0.078000,2019
Ukraine,Central and Eastern Europe,133,4.332000,0.820000,1.390000,0.739000,0.178000,0.187000,0.010000,2019
Ethiopia,Sub-Saharan Africa,134,4.286000,0.336000,1.033000,0.532000,0.344000,0.209000,0.100000,2019
Swaziland,Sub-Saharan Africa,135,4.212000,0.811000,1.149000,0.000000,0.313000,0.074000,0.135000,2019
Uganda,Sub-Saharan Africa,136,4.189000,0.332000,1.069000,0.443000,0.356000,0.252000,0.060000,2019
Egypt,Middle East and Northern Africa,137,4.166000,0.913000,1.039000,0.644000,0.241000,0.076000,0.067000,2019
Zambia,Sub-Saharan Africa,138,4.107000,0.578000,1.058000,0.426000,0.431000,0.247000,0.087000,2019
Togo,Sub-Saharan Africa,139,4.085000,0.275000,0.572000,0.410000,0.293000,0.177000,0.085000,2019
India,Southern Asia,140,4.015000,0.755000,0.765000,0.588000,0.498000,0.200000,0.085000,2019
Liberia,Sub-Saharan Africa,141,3.975000,0.073000,0.922000,0.443000,0.370000,0.233000,0.033000,2019
Comoros,Sub-Saharan Africa,142,3.973000,0.274000,0.757000,0.505000,0.142000,0.275000,0.078000,2019
Madagascar,Sub-Saharan Africa,143,3.933000,0.274000,0.916000,0.555000,0.148000,0.169000,0.041000,2019
Lesotho,Sub-Saharan Africa,144,3.802000,0.489000,1.169000,0.168000,0.359000,0.107000,0.093000,2019
Burundi,Sub-Saharan Africa,145,3.775000,0.046000,0.447000,0.380000,0.220000,0.176000,0.180000,2019
Zimbabwe,Sub-Saharan Africa,146,3.663000,0.366000,1.114000,0.433000,0.361000,0.151000,0.089000,2019
Haiti,Latin America and Caribbean,147,3.597000,0.323000,0.688000,0.449000,0.026000,0.419000,0.110000,2019
Botswana,Sub-Saharan Africa,148,3.488000,1.041000,1.145000,0.538000,0.455000,0.025000,0.100000,2019
Syria,Middle East and Northern Africa,149,3.462000,0.619000,0.378000,0.440000,0.013000,0.331000,0.141000,2019
Malawi,Sub-Saharan Africa,150,3.410000,0.191000,0.560000,0.495000,0.443000,0.218000,0.089000,2019
Yemen,Middle East and Northern Africa,151,3.380000,0.287000,1.163000,0.463000,0.143000,0.108000,0.077000,2019
Rwanda,Sub-Saharan Africa,152,3.334000,0.359000,0.711000,0.614000,0.555000,0.217000,0.411000,2019
Tanzania,Sub-Saharan Africa,153,3.231000,0.476000,0.885000,0.499000,0.417000,0.276000,0.147000,2019
Afghanistan,Southern Asia,154,3.203000,0.350000,0.517000,0.361000,0.000000,0.158000,0.025000,2019
Central African Republic,Sub-Saharan Africa,155,3.083000,0.026000,0.000000,0.105000,0.225000,0.235000,0.035000,2019
South Sudan,Sub-Saharan Africa,156,2.853000,0.306000,0.575000,0.295000,0.010000,0.202000,0.091000,2019
